image_id,s1_path,label_path,water_pixels,non_water_pixels,valid_pixels,nodata_pixels,water_fraction,water_percentage,class
Bolivia_103757,/home/s299259068/Área de Trabalho/Projetos/2026/artigo_llm/sen1floods11/HandLabeled/S1Hand/Bolivia_103757_S1Hand.tif,/home/s299259068/Área de Trabalho/Projetos/2026/artigo_llm/sen1floods11/HandLabeled/LabelHand/Bolivia_103757_LabelHand.tif,35362,52715,88077,174067,0.4014896056859339,40.14896056859339,WATER
Bolivia_129334,/home/s299259068/Área de Trabalho/Projetos/2026/artigo_llm/sen1floods11/HandLabeled/S1Hand/Bolivia_129334_S1Hand.tif,/home/s299259068/Área de Trabalho/Projetos/2026/artigo_llm/sen1floods11/HandLabeled/LabelHand/Bolivia_129334_LabelHand.tif,156643,81171,237814,24330,0.6586786311991725,65.86786311991725,WATER
Bolivia_195474,/home/s299259068/Área de Trabalho/Projetos/2026/artigo_llm/sen1floods11/HandLabeled/S1Hand/Bolivia_195474_S1Hand.tif,/home/s299259068/Área de Trabalho/Projetos/2026/artigo_llm/sen1floods11/HandLabeled/LabelHand/Bolivia_195474_LabelHand.tif,1551,259784,261335,809,0.005934911129393307,0.5934911129393307,NON_WATER
Bolivia_23014,/home/s299259068/Área de Trabalho/Projetos/2026/artigo_llm/sen1floods11/HandLabeled/S1Hand/Bolivia_23014_S1Hand.tif,/home/s299259068/Área de Trabalho/Projetos/2026/artigo_llm/sen1floods11/HandLabeled/LabelHand/Bolivia_23014_LabelHand.tif,7780,201699,209479,52665,0.03713976102616491,3.713976102616491,AMBIGUOUS
Bolivia_233925,/home/s299259068/Área de Trabalho/Projetos/2026/artigo_llm/sen1floods11/HandLabeled/S1Hand/Bolivia_233925_S1Hand.tif,/home/s299259068/Área de Trabalho/Projetos/2026/artigo_llm/sen1floods11/HandLabeled/LabelHand/Bolivia_233925_LabelHand.tif,1,150536,150537,111607,6.642885137873081e-06,0.0006642885137873081,NON_WATER
Bolivia_242570,/home/s299259068/Área de Trabalho/Projetos/2026/artigo_llm/sen1floods11/HandLabeled/S1Hand/Bolivia_242570_S1Hand.tif,/home/s299259068/Área de Trabalho/Projetos/2026/artigo_llm/sen1floods11/HandLabeled/LabelHand/Bolivia_242570_LabelHand.tif,27346,148161,175507,86637,0.15581144911598968,15.581144911598969,WATER
Bolivia_290290,/home/s299259068/Área de Trabalho/Projetos/2026/artigo_llm/sen1floods11/HandLabeled/S1Hand/Bolivia_290290_S1Hand.tif,/home/s299259068/Área de Trabalho/Projetos/2026/artigo_llm/sen1floods11/HandLabeled/LabelHand/Bolivia_290290_LabelHand.tif,19699,184934,204633,57511,0.09626502079332268,9.626502079332267,AMBIGUOUS
Bolivia_294583,/home/s299259068/Área de Trabalho/Projetos/2026/artigo_llm/sen1floods11/HandLabeled/S1Hand/Bolivia_294583_S1Hand.tif,/home/s299259068/Área de Trabalho/Projetos/2026/artigo_llm/sen1floods11/HandLabeled/LabelHand/Bolivia_294583_LabelHand.tif,15008,115464,130472,131672,0.11502851186461463,11.502851186461463,WATER
Bolivia_312675,/home/s299259068/Área de Trabalho/Projetos/2026/artigo_llm/sen1floods11/HandLabeled/S1Hand/Bolivia_312675_S1Hand.tif,/home/s299259068/Área de Trabalho/Projetos/2026/artigo_llm/sen1floods11/HandLabeled/LabelHand/Bolivia_312675_LabelHand.tif,9575,148433,158008,104136,0.060598197559617234,6.0598197559617235,AMBIGUOUS
Bolivia_314919,/home/s299259068/Área de Trabalho/Projetos/2026/artigo_llm/sen1floods11/HandLabeled/S1Hand/Bolivia_314919_S1Hand.tif,/home/s299259068/Área de Trabalho/Projetos/2026/artigo_llm/sen1floods11/HandLabeled/LabelHand/Bolivia_314919_LabelHand.tif,83678,105167,188845,73299,0.4431041330191427,44.31041330191427,WATER
Bolivia_360519,/home/s299259068/Área de Trabalho/Projetos/2026/artigo_llm/sen1floods11/HandLabeled/S1Hand/Bolivia_360519_S1Hand.tif,/home/s299259068/Área de Trabalho/Projetos/2026/artigo_llm/sen1floods11/HandLabeled/LabelHand/Bolivia_360519_LabelHand.tif,2801,251290,254091,8053,0.011023609651660231,1.102360965166023,AMBIGUOUS
Bolivia_379434,/home/s299259068/Área de Trabalho/Projetos/2026/artigo_llm/sen1floods11/HandLabeled/S1Hand/Bolivia_379434_S1Hand.tif,/home/s299259068/Área de Trabalho/Projetos/2026/artigo_llm/sen1floods11/HandLabeled/LabelHand/Bolivia_379434_LabelHand.tif,10790,251354,262144,0,0.04116058349609375,4.116058349609375,AMBIGUOUS
Bolivia_432776,/home/s299259068/Área de Trabalho/Projetos/2026/artigo_llm/sen1floods11/HandLabeled/S1Hand/Bolivia_432776_S1Hand.tif,/home/s299259068/Área de Trabalho/Projetos/2026/artigo_llm/sen1floods11/HandLabeled/LabelHand/Bolivia_432776_LabelHand.tif,72145,84744,156889,105255,0.4598474080400793,45.98474080400793,WATER
Bolivia_60373,/home/s299259068/Área de Trabalho/Projetos/2026/artigo_llm/sen1floods11/HandLabeled/S1Hand/Bolivia_60373_S1Hand.tif,/home/s299259068/Área de Trabalho/Projetos/2026/artigo_llm/sen1floods11/HandLabeled/LabelHand/Bolivia_60373_LabelHand.tif,12480,186539,199019,63125,0.06270758068325134,6.270758068325135,AMBIGUOUS
Bolivia_76104,/home/s299259068/Área de Trabalho/Projetos/2026/artigo_llm/sen1floods11/HandLabeled/S1Hand/Bolivia_76104_S1Hand.tif,/home/s299259068/Área de Trabalho/Projetos/2026/artigo_llm/sen1floods11/HandLabeled/LabelHand/Bolivia_76104_LabelHand.tif,5,190960,190965,71179,2.6182808368025554e-05,0.0026182808368025554,NON_WATER
Ghana_103272,/home/s299259068/Área de Trabalho/Projetos/2026/artigo_llm/sen1floods11/HandLabeled/S1Hand/Ghana_103272_S1Hand.tif,/home/s299259068/Área de Trabalho/Projetos/2026/artigo_llm/sen1floods11/HandLabeled/LabelHand/Ghana_103272_LabelHand.tif,1558,257711,259269,2875,0.006009202797094909,0.6009202797094909,NON_WATER
Ghana_1033830,/home/s299259068/Área de Trabalho/Projetos/2026/artigo_llm/sen1floods11/HandLabeled/S1Hand/Ghana_1033830_S1Hand.tif,/home/s299259068/Área de Trabalho/Projetos/2026/artigo_llm/sen1floods11/HandLabeled/LabelHand/Ghana_1033830_LabelHand.tif,96811,136418,233229,28915,0.4150898901937581,41.50898901937581,WATER
Ghana_1078550,/home/s299259068/Área de Trabalho/Projetos/2026/artigo_llm/sen1floods11/HandLabeled/S1Hand/Ghana_1078550_S1Hand.tif,/home/s299259068/Área de Trabalho/Projetos/2026/artigo_llm/sen1floods11/HandLabeled/LabelHand/Ghana_1078550_LabelHand.tif,1407,260737,262144,0,0.005367279052734375,0.5367279052734375,NON_WATER
Ghana_1089161,/home/s299259068/Área de Trabalho/Projetos/2026/artigo_llm/sen1floods11/HandLabeled/S1Hand/Ghana_1089161_S1Hand.tif,/home/s299259068/Área de Trabalho/Projetos/2026/artigo_llm/sen1floods11/HandLabeled/LabelHand/Ghana_1089161_LabelHand.tif,2907,233257,236164,25980,0.012309242729628564,1.2309242729628564,AMBIGUOUS
Ghana_11745,/home/s299259068/Área de Trabalho/Projetos/2026/artigo_llm/sen1floods11/HandLabeled/S1Hand/Ghana_11745_S1Hand.tif,/home/s299259068/Área de Trabalho/Projetos/2026/artigo_llm/sen1floods11/HandLabeled/LabelHand/Ghana_11745_LabelHand.tif,0,262144,262144,0,0.0,0.0,NON_WATER
Ghana_124834,/home/s299259068/Área de Trabalho/Projetos/2026/artigo_llm/sen1floods11/HandLabeled/S1Hand/Ghana_124834_S1Hand.tif,/home/s299259068/Área de Trabalho/Projetos/2026/artigo_llm/sen1floods11/HandLabeled/LabelHand/Ghana_124834_LabelHand.tif,0,262144,262144,0,0.0,0.0,NON_WATER
Ghana_128663,/home/s299259068/Área de Trabalho/Projetos/2026/artigo_llm/sen1floods11/HandLabeled/S1Hand/Ghana_128663_S1Hand.tif,/home/s299259068/Área de Trabalho/Projetos/2026/artigo_llm/sen1floods11/HandLabeled/LabelHand/Ghana_128663_LabelHand.tif,0,169329,169329,92815,0.0,0.0,NON_WATER
Ghana_132163,/home/s299259068/Área de Trabalho/Projetos/2026/artigo_llm/sen1floods11/HandLabeled/S1Hand/Ghana_132163_S1Hand.tif,/home/s299259068/Área de Trabalho/Projetos/2026/artigo_llm/sen1floods11/HandLabeled/LabelHand/Ghana_132163_LabelHand.tif,0,55761,55761,206383,0.0,0.0,NON_WATER
Ghana_134751,/home/s299259068/Área de Trabalho/Projetos/2026/artigo_llm/sen1floods11/HandLabeled/S1Hand/Ghana_134751_S1Hand.tif,/home/s299259068/Área de Trabalho/Projetos/2026/artigo_llm/sen1floods11/HandLabeled/LabelHand/Ghana_134751_LabelHand.tif,0,43016,43016,219128,0.0,0.0,NON_WATER
Ghana_135389,/home/s299259068/Área de Trabalho/Projetos/2026/artigo_llm/sen1floods11/HandLabeled/S1Hand/Ghana_135389_S1Hand.tif,/home/s299259068/Área de Trabalho/Projetos/2026/artigo_llm/sen1floods11/HandLabeled/LabelHand/Ghana_135389_LabelHand.tif,252,24372,24624,237520,0.01023391812865497,1.023391812865497,AMBIGUOUS
Ghana_141271,/home/s299259068/Área de Trabalho/Projetos/2026/artigo_llm/sen1floods11/HandLabeled/S1Hand/Ghana_141271_S1Hand.tif,/home/s299259068/Área de Trabalho/Projetos/2026/artigo_llm/sen1floods11/HandLabeled/LabelHand/Ghana_141271_LabelHand.tif,1636,260508,262144,0,0.0062408447265625,0.62408447265625,NON_WATER
Ghana_141910,/home/s299259068/Área de Trabalho/Projetos/2026/artigo_llm/sen1floods11/HandLabeled/S1Hand/Ghana_141910_S1Hand.tif,/home/s299259068/Área de Trabalho/Projetos/2026/artigo_llm/sen1floods11/HandLabeled/LabelHand/Ghana_141910_LabelHand.tif,70650,191494,262144,0,0.26950836181640625,26.950836181640625,WATER
Ghana_142312,/home/s299259068/Área de Trabalho/Projetos/2026/artigo_llm/sen1floods11/HandLabeled/S1Hand/Ghana_142312_S1Hand.tif,/home/s299259068/Área de Trabalho/Projetos/2026/artigo_llm/sen1floods11/HandLabeled/LabelHand/Ghana_142312_LabelHand.tif,0,262144,262144,0,0.0,0.0,NON_WATER
Ghana_144050,/home/s299259068/Área de Trabalho/Projetos/2026/artigo_llm/sen1floods11/HandLabeled/S1Hand/Ghana_144050_S1Hand.tif,/home/s299259068/Área de Trabalho/Projetos/2026/artigo_llm/sen1floods11/HandLabeled/LabelHand/Ghana_144050_LabelHand.tif,0,23551,23551,238593,0.0,0.0,NON_WATER
Ghana_146222,/home/s299259068/Área de Trabalho/Projetos/2026/artigo_llm/sen1floods11/HandLabeled/S1Hand/Ghana_146222_S1Hand.tif,/home/s299259068/Área de Trabalho/Projetos/2026/artigo_llm/sen1floods11/HandLabeled/LabelHand/Ghana_146222_LabelHand.tif,0,181656,181656,80488,0.0,0.0,NON_WATER
Ghana_147015,/home/s299259068/Área de Trabalho/Projetos/2026/artigo_llm/sen1floods11/HandLabeled/S1Hand/Ghana_147015_S1Hand.tif,/home/s299259068/Área de Trabalho/Projetos/2026/artigo_llm/sen1floods11/HandLabeled/LabelHand/Ghana_147015_LabelHand.tif,3530,258614,262144,0,0.01346588134765625,1.346588134765625,AMBIGUOUS
Ghana_154838,/home/s299259068/Área de Trabalho/Projetos/2026/artigo_llm/sen1floods11/HandLabeled/S1Hand/Ghana_154838_S1Hand.tif,/home/s299259068/Área de Trabalho/Projetos/2026/artigo_llm/sen1floods11/HandLabeled/LabelHand/Ghana_154838_LabelHand.tif,0,42107,42107,220037,0.0,0.0,NON_WATER
Ghana_156478,/home/s299259068/Área de Trabalho/Projetos/2026/artigo_llm/sen1floods11/HandLabeled/S1Hand/Ghana_156478_S1Hand.tif,/home/s299259068/Área de Trabalho/Projetos/2026/artigo_llm/sen1floods11/HandLabeled/LabelHand/Ghana_156478_LabelHand.tif,0,262144,262144,0,0.0,0.0,NON_WATER
Ghana_161233,/home/s299259068/Área de Trabalho/Projetos/2026/artigo_llm/sen1floods11/HandLabeled/S1Hand/Ghana_161233_S1Hand.tif,/home/s299259068/Área de Trabalho/Projetos/2026/artigo_llm/sen1floods11/HandLabeled/LabelHand/Ghana_161233_LabelHand.tif,0,1892,1892,260252,0.0,0.0,NON_WATER
Ghana_167233,/home/s299259068/Área de Trabalho/Projetos/2026/artigo_llm/sen1floods11/HandLabeled/S1Hand/Ghana_167233_S1Hand.tif,/home/s299259068/Área de Trabalho/Projetos/2026/artigo_llm/sen1floods11/HandLabeled/LabelHand/Ghana_167233_LabelHand.tif,0,262144,262144,0,0.0,0.0,NON_WATER
Ghana_168875,/home/s299259068/Área de Trabalho/Projetos/2026/artigo_llm/sen1floods11/HandLabeled/S1Hand/Ghana_168875_S1Hand.tif,/home/s299259068/Área de Trabalho/Projetos/2026/artigo_llm/sen1floods11/HandLabeled/LabelHand/Ghana_168875_LabelHand.tif,0,41796,41796,220348,0.0,0.0,NON_WATER
Ghana_187318,/home/s299259068/Área de Trabalho/Projetos/2026/artigo_llm/sen1floods11/HandLabeled/S1Hand/Ghana_187318_S1Hand.tif,/home/s299259068/Área de Trabalho/Projetos/2026/artigo_llm/sen1floods11/HandLabeled/LabelHand/Ghana_187318_LabelHand.tif,0,262144,262144,0,0.0,0.0,NON_WATER
Ghana_194723,/home/s299259068/Área de Trabalho/Projetos/2026/artigo_llm/sen1floods11/HandLabeled/S1Hand/Ghana_194723_S1Hand.tif,/home/s299259068/Área de Trabalho/Projetos/2026/artigo_llm/sen1floods11/HandLabeled/LabelHand/Ghana_194723_LabelHand.tif,0,47408,47408,214736,0.0,0.0,NON_WATER
Ghana_247288,/home/s299259068/Área de Trabalho/Projetos/2026/artigo_llm/sen1floods11/HandLabeled/S1Hand/Ghana_247288_S1Hand.tif,/home/s299259068/Área de Trabalho/Projetos/2026/artigo_llm/sen1floods11/HandLabeled/LabelHand/Ghana_247288_LabelHand.tif,26650,13524,40174,221970,0.663364365012197,66.3364365012197,WATER
Ghana_24858,/home/s299259068/Área de Trabalho/Projetos/2026/artigo_llm/sen1floods11/HandLabeled/S1Hand/Ghana_24858_S1Hand.tif,/home/s299259068/Área de Trabalho/Projetos/2026/artigo_llm/sen1floods11/HandLabeled/LabelHand/Ghana_24858_LabelHand.tif,484,261660,262144,0,0.0018463134765625,0.18463134765625,NON_WATER
Ghana_264787,/home/s299259068/Área de Trabalho/Projetos/2026/artigo_llm/sen1floods11/HandLabeled/S1Hand/Ghana_264787_S1Hand.tif,/home/s299259068/Área de Trabalho/Projetos/2026/artigo_llm/sen1floods11/HandLabeled/LabelHand/Ghana_264787_LabelHand.tif,0,181975,181975,80169,0.0,0.0,NON_WATER
Ghana_308249,/home/s299259068/Área de Trabalho/Projetos/2026/artigo_llm/sen1floods11/HandLabeled/S1Hand/Ghana_308249_S1Hand.tif,/home/s299259068/Área de Trabalho/Projetos/2026/artigo_llm/sen1floods11/HandLabeled/LabelHand/Ghana_308249_LabelHand.tif,8030,254114,262144,0,0.03063201904296875,3.063201904296875,AMBIGUOUS
Ghana_313799,/home/s299259068/Área de Trabalho/Projetos/2026/artigo_llm/sen1floods11/HandLabeled/S1Hand/Ghana_313799_S1Hand.tif,/home/s299259068/Área de Trabalho/Projetos/2026/artigo_llm/sen1floods11/HandLabeled/LabelHand/Ghana_313799_LabelHand.tif,14933,229531,244464,17680,0.06108465868185091,6.108465868185091,AMBIGUOUS
Ghana_319168,/home/s299259068/Área de Trabalho/Projetos/2026/artigo_llm/sen1floods11/HandLabeled/S1Hand/Ghana_319168_S1Hand.tif,/home/s299259068/Área de Trabalho/Projetos/2026/artigo_llm/sen1floods11/HandLabeled/LabelHand/Ghana_319168_LabelHand.tif,39521,132103,171624,90520,0.2302766512842027,23.027665128420267,WATER
Ghana_359826,/home/s299259068/Área de Trabalho/Projetos/2026/artigo_llm/sen1floods11/HandLabeled/S1Hand/Ghana_359826_S1Hand.tif,/home/s299259068/Área de Trabalho/Projetos/2026/artigo_llm/sen1floods11/HandLabeled/LabelHand/Ghana_359826_LabelHand.tif,3496,258648,262144,0,0.013336181640625,1.3336181640625,AMBIGUOUS
Ghana_362274,/home/s299259068/Área de Trabalho/Projetos/2026/artigo_llm/sen1floods11/HandLabeled/S1Hand/Ghana_362274_S1Hand.tif,/home/s299259068/Área de Trabalho/Projetos/2026/artigo_llm/sen1floods11/HandLabeled/LabelHand/Ghana_362274_LabelHand.tif,18364,241043,259407,2737,0.07079222997066387,7.0792229970663865,AMBIGUOUS
Ghana_406026,/home/s299259068/Área de Trabalho/Projetos/2026/artigo_llm/sen1floods11/HandLabeled/S1Hand/Ghana_406026_S1Hand.tif,/home/s299259068/Área de Trabalho/Projetos/2026/artigo_llm/sen1floods11/HandLabeled/LabelHand/Ghana_406026_LabelHand.tif,4305,257839,262144,0,0.016422271728515625,1.6422271728515625,AMBIGUOUS
Ghana_45911,/home/s299259068/Área de Trabalho/Projetos/2026/artigo_llm/sen1floods11/HandLabeled/S1Hand/Ghana_45911_S1Hand.tif,/home/s299259068/Área de Trabalho/Projetos/2026/artigo_llm/sen1floods11/HandLabeled/LabelHand/Ghana_45911_LabelHand.tif,0,29269,29269,232875,0.0,0.0,NON_WATER
Ghana_495107,/home/s299259068/Área de Trabalho/Projetos/2026/artigo_llm/sen1floods11/HandLabeled/S1Hand/Ghana_495107_S1Hand.tif,/home/s299259068/Área de Trabalho/Projetos/2026/artigo_llm/sen1floods11/HandLabeled/LabelHand/Ghana_495107_LabelHand.tif,3959,258185,262144,0,0.015102386474609375,1.5102386474609375,AMBIGUOUS
Ghana_49890,/home/s299259068/Área de Trabalho/Projetos/2026/artigo_llm/sen1floods11/HandLabeled/S1Hand/Ghana_49890_S1Hand.tif,/home/s299259068/Área de Trabalho/Projetos/2026/artigo_llm/sen1floods11/HandLabeled/LabelHand/Ghana_49890_LabelHand.tif,0,262144,262144,0,0.0,0.0,NON_WATER
Ghana_53713,/home/s299259068/Área de Trabalho/Projetos/2026/artigo_llm/sen1floods11/HandLabeled/S1Hand/Ghana_53713_S1Hand.tif,/home/s299259068/Área de Trabalho/Projetos/2026/artigo_llm/sen1floods11/HandLabeled/LabelHand/Ghana_53713_LabelHand.tif,0,262144,262144,0,0.0,0.0,NON_WATER
Ghana_597288,/home/s299259068/Área de Trabalho/Projetos/2026/artigo_llm/sen1floods11/HandLabeled/S1Hand/Ghana_597288_S1Hand.tif,/home/s299259068/Área de Trabalho/Projetos/2026/artigo_llm/sen1floods11/HandLabeled/LabelHand/Ghana_597288_LabelHand.tif,5690,256454,262144,0,0.02170562744140625,2.170562744140625,AMBIGUOUS
Ghana_61925,/home/s299259068/Área de Trabalho/Projetos/2026/artigo_llm/sen1floods11/HandLabeled/S1Hand/Ghana_61925_S1Hand.tif,/home/s299259068/Área de Trabalho/Projetos/2026/artigo_llm/sen1floods11/HandLabeled/LabelHand/Ghana_61925_LabelHand.tif,651,261493,262144,0,0.002483367919921875,0.2483367919921875,NON_WATER
Ghana_7496,/home/s299259068/Área de Trabalho/Projetos/2026/artigo_llm/sen1floods11/HandLabeled/S1Hand/Ghana_7496_S1Hand.tif,/home/s299259068/Área de Trabalho/Projetos/2026/artigo_llm/sen1floods11/HandLabeled/LabelHand/Ghana_7496_LabelHand.tif,0,262144,262144,0,0.0,0.0,NON_WATER
Ghana_8090,/home/s299259068/Área de Trabalho/Projetos/2026/artigo_llm/sen1floods11/HandLabeled/S1Hand/Ghana_8090_S1Hand.tif,/home/s299259068/Área de Trabalho/Projetos/2026/artigo_llm/sen1floods11/HandLabeled/LabelHand/Ghana_8090_LabelHand.tif,4,194662,194666,67478,2.0548015575395805e-05,0.0020548015575395807,NON_WATER
Ghana_83200,/home/s299259068/Área de Trabalho/Projetos/2026/artigo_llm/sen1floods11/HandLabeled/S1Hand/Ghana_83200_S1Hand.tif,/home/s299259068/Área de Trabalho/Projetos/2026/artigo_llm/sen1floods11/HandLabeled/LabelHand/Ghana_83200_LabelHand.tif,533,97682,98215,163929,0.00542686962276638,0.542686962276638,NON_WATER
Ghana_866994,/home/s299259068/Área de Trabalho/Projetos/2026/artigo_llm/sen1floods11/HandLabeled/S1Hand/Ghana_866994_S1Hand.tif,/home/s299259068/Área de Trabalho/Projetos/2026/artigo_llm/sen1floods11/HandLabeled/LabelHand/Ghana_866994_LabelHand.tif,105971,11540,117511,144633,0.901796427568483,90.1796427568483,WATER
Ghana_868803,/home/s299259068/Área de Trabalho/Projetos/2026/artigo_llm/sen1floods11/HandLabeled/S1Hand/Ghana_868803_S1Hand.tif,/home/s299259068/Área de Trabalho/Projetos/2026/artigo_llm/sen1floods11/HandLabeled/LabelHand/Ghana_868803_LabelHand.tif,144051,118093,262144,0,0.5495109558105469,54.95109558105469,WATER
Ghana_887131,/home/s299259068/Área de Trabalho/Projetos/2026/artigo_llm/sen1floods11/HandLabeled/S1Hand/Ghana_887131_S1Hand.tif,/home/s299259068/Área de Trabalho/Projetos/2026/artigo_llm/sen1floods11/HandLabeled/LabelHand/Ghana_887131_LabelHand.tif,10075,252069,262144,0,0.038433074951171875,3.8433074951171875,AMBIGUOUS
Ghana_895194,/home/s299259068/Área de Trabalho/Projetos/2026/artigo_llm/sen1floods11/HandLabeled/S1Hand/Ghana_895194_S1Hand.tif,/home/s299259068/Área de Trabalho/Projetos/2026/artigo_llm/sen1floods11/HandLabeled/LabelHand/Ghana_895194_LabelHand.tif,8697,244009,252706,9438,0.03441548677118866,3.4415486771188655,AMBIGUOUS
Ghana_953791,/home/s299259068/Área de Trabalho/Projetos/2026/artigo_llm/sen1floods11/HandLabeled/S1Hand/Ghana_953791_S1Hand.tif,/home/s299259068/Área de Trabalho/Projetos/2026/artigo_llm/sen1floods11/HandLabeled/LabelHand/Ghana_953791_LabelHand.tif,2772,259372,262144,0,0.0105743408203125,1.05743408203125,AMBIGUOUS
Ghana_97059,/home/s299259068/Área de Trabalho/Projetos/2026/artigo_llm/sen1floods11/HandLabeled/S1Hand/Ghana_97059_S1Hand.tif,/home/s299259068/Área de Trabalho/Projetos/2026/artigo_llm/sen1floods11/HandLabeled/LabelHand/Ghana_97059_LabelHand.tif,0,27394,27394,234750,0.0,0.0,NON_WATER
Ghana_97516,/home/s299259068/Área de Trabalho/Projetos/2026/artigo_llm/sen1floods11/HandLabeled/S1Hand/Ghana_97516_S1Hand.tif,/home/s299259068/Área de Trabalho/Projetos/2026/artigo_llm/sen1floods11/HandLabeled/LabelHand/Ghana_97516_LabelHand.tif,771,186784,187555,74589,0.004110794167044333,0.4110794167044333,NON_WATER
India_1017769,/home/s299259068/Área de Trabalho/Projetos/2026/artigo_llm/sen1floods11/HandLabeled/S1Hand/India_1017769_S1Hand.tif,/home/s299259068/Área de Trabalho/Projetos/2026/artigo_llm/sen1floods11/HandLabeled/LabelHand/India_1017769_LabelHand.tif,98143,74828,172971,89173,0.5673956906070959,56.73956906070959,WATER
India_1018317,/home/s299259068/Área de Trabalho/Projetos/2026/artigo_llm/sen1floods11/HandLabeled/S1Hand/India_1018317_S1Hand.tif,/home/s299259068/Área de Trabalho/Projetos/2026/artigo_llm/sen1floods11/HandLabeled/LabelHand/India_1018317_LabelHand.tif,150710,46267,196977,65167,0.7651147088238729,76.51147088238729,WATER
India_1018327,/home/s299259068/Área de Trabalho/Projetos/2026/artigo_llm/sen1floods11/HandLabeled/S1Hand/India_1018327_S1Hand.tif,/home/s299259068/Área de Trabalho/Projetos/2026/artigo_llm/sen1floods11/HandLabeled/LabelHand/India_1018327_LabelHand.tif,36649,225493,262142,2,0.1398059067223108,13.98059067223108,WATER
India_103447,/home/s299259068/Área de Trabalho/Projetos/2026/artigo_llm/sen1floods11/HandLabeled/S1Hand/India_103447_S1Hand.tif,/home/s299259068/Área de Trabalho/Projetos/2026/artigo_llm/sen1floods11/HandLabeled/LabelHand/India_103447_LabelHand.tif,26977,136590,163567,98577,0.1649293561659748,16.492935616597478,WATER
India_1050276,/home/s299259068/Área de Trabalho/Projetos/2026/artigo_llm/sen1floods11/HandLabeled/S1Hand/India_1050276_S1Hand.tif,/home/s299259068/Área de Trabalho/Projetos/2026/artigo_llm/sen1floods11/HandLabeled/LabelHand/India_1050276_LabelHand.tif,49005,206180,255185,6959,0.19203714951897644,19.203714951897645,WATER
India_1068117,/home/s299259068/Área de Trabalho/Projetos/2026/artigo_llm/sen1floods11/HandLabeled/S1Hand/India_1068117_S1Hand.tif,/home/s299259068/Área de Trabalho/Projetos/2026/artigo_llm/sen1floods11/HandLabeled/LabelHand/India_1068117_LabelHand.tif,47960,181752,229712,32432,0.20878317197186042,20.878317197186043,WATER
India_1072277,/home/s299259068/Área de Trabalho/Projetos/2026/artigo_llm/sen1floods11/HandLabeled/S1Hand/India_1072277_S1Hand.tif,/home/s299259068/Área de Trabalho/Projetos/2026/artigo_llm/sen1floods11/HandLabeled/LabelHand/India_1072277_LabelHand.tif,22546,239596,262142,2,0.08600682073074899,8.600682073074898,AMBIGUOUS
India_118868,/home/s299259068/Área de Trabalho/Projetos/2026/artigo_llm/sen1floods11/HandLabeled/S1Hand/India_118868_S1Hand.tif,/home/s299259068/Área de Trabalho/Projetos/2026/artigo_llm/sen1floods11/HandLabeled/LabelHand/India_118868_LabelHand.tif,10782,151366,162148,99996,0.06649480721316328,6.649480721316328,AMBIGUOUS
India_135434,/home/s299259068/Área de Trabalho/Projetos/2026/artigo_llm/sen1floods11/HandLabeled/S1Hand/India_135434_S1Hand.tif,/home/s299259068/Área de Trabalho/Projetos/2026/artigo_llm/sen1floods11/HandLabeled/LabelHand/India_135434_LabelHand.tif,10312,106838,117150,144994,0.08802390098164746,8.802390098164746,AMBIGUOUS
India_136196,/home/s299259068/Área de Trabalho/Projetos/2026/artigo_llm/sen1floods11/HandLabeled/S1Hand/India_136196_S1Hand.tif,/home/s299259068/Área de Trabalho/Projetos/2026/artigo_llm/sen1floods11/HandLabeled/LabelHand/India_136196_LabelHand.tif,0,211744,211744,50400,0.0,0.0,NON_WATER
India_164336,/home/s299259068/Área de Trabalho/Projetos/2026/artigo_llm/sen1floods11/HandLabeled/S1Hand/India_164336_S1Hand.tif,/home/s299259068/Área de Trabalho/Projetos/2026/artigo_llm/sen1floods11/HandLabeled/LabelHand/India_164336_LabelHand.tif,1881,257220,259101,3043,0.00725971725311751,0.725971725311751,NON_WATER
India_166709,/home/s299259068/Área de Trabalho/Projetos/2026/artigo_llm/sen1floods11/HandLabeled/S1Hand/India_166709_S1Hand.tif,/home/s299259068/Área de Trabalho/Projetos/2026/artigo_llm/sen1floods11/HandLabeled/LabelHand/India_166709_LabelHand.tif,8839,248055,256894,5250,0.034407187400250686,3.4407187400250687,AMBIGUOUS
India_177319,/home/s299259068/Área de Trabalho/Projetos/2026/artigo_llm/sen1floods11/HandLabeled/S1Hand/India_177319_S1Hand.tif,/home/s299259068/Área de Trabalho/Projetos/2026/artigo_llm/sen1floods11/HandLabeled/LabelHand/India_177319_LabelHand.tif,1595,255630,257225,4919,0.006200796967635339,0.6200796967635339,NON_WATER
India_179238,/home/s299259068/Área de Trabalho/Projetos/2026/artigo_llm/sen1floods11/HandLabeled/S1Hand/India_179238_S1Hand.tif,/home/s299259068/Área de Trabalho/Projetos/2026/artigo_llm/sen1floods11/HandLabeled/LabelHand/India_179238_LabelHand.tif,11592,180890,192482,69662,0.060223813135773734,6.022381313577373,AMBIGUOUS
India_180633,/home/s299259068/Área de Trabalho/Projetos/2026/artigo_llm/sen1floods11/HandLabeled/S1Hand/India_180633_S1Hand.tif,/home/s299259068/Área de Trabalho/Projetos/2026/artigo_llm/sen1floods11/HandLabeled/LabelHand/India_180633_LabelHand.tif,75763,88792,164555,97589,0.46041141259761176,46.041141259761176,WATER
India_207862,/home/s299259068/Área de Trabalho/Projetos/2026/artigo_llm/sen1floods11/HandLabeled/S1Hand/India_207862_S1Hand.tif,/home/s299259068/Área de Trabalho/Projetos/2026/artigo_llm/sen1floods11/HandLabeled/LabelHand/India_207862_LabelHand.tif,21028,179087,200115,62029,0.10507957924193588,10.507957924193589,WATER
India_244057,/home/s299259068/Área de Trabalho/Projetos/2026/artigo_llm/sen1floods11/HandLabeled/S1Hand/India_244057_S1Hand.tif,/home/s299259068/Área de Trabalho/Projetos/2026/artigo_llm/sen1floods11/HandLabeled/LabelHand/India_244057_LabelHand.tif,5,160532,160537,101607,3.114546802294798e-05,0.003114546802294798,NON_WATER
India_25540,/home/s299259068/Área de Trabalho/Projetos/2026/artigo_llm/sen1floods11/HandLabeled/S1Hand/India_25540_S1Hand.tif,/home/s299259068/Área de Trabalho/Projetos/2026/artigo_llm/sen1floods11/HandLabeled/LabelHand/India_25540_LabelHand.tif,11559,177066,188625,73519,0.06128031809145129,6.12803180914513,AMBIGUOUS
India_265762,/home/s299259068/Área de Trabalho/Projetos/2026/artigo_llm/sen1floods11/HandLabeled/S1Hand/India_265762_S1Hand.tif,/home/s299259068/Área de Trabalho/Projetos/2026/artigo_llm/sen1floods11/HandLabeled/LabelHand/India_265762_LabelHand.tif,8533,138763,147296,114848,0.057930968933304364,5.7930968933304365,AMBIGUOUS
India_273873,/home/s299259068/Área de Trabalho/Projetos/2026/artigo_llm/sen1floods11/HandLabeled/S1Hand/India_273873_S1Hand.tif,/home/s299259068/Área de Trabalho/Projetos/2026/artigo_llm/sen1floods11/HandLabeled/LabelHand/India_273873_LabelHand.tif,5446,150162,155608,106536,0.03499820060665262,3.499820060665262,AMBIGUOUS
India_285297,/home/s299259068/Área de Trabalho/Projetos/2026/artigo_llm/sen1floods11/HandLabeled/S1Hand/India_285297_S1Hand.tif,/home/s299259068/Área de Trabalho/Projetos/2026/artigo_llm/sen1floods11/HandLabeled/LabelHand/India_285297_LabelHand.tif,36006,209036,245042,17102,0.14693807592167873,14.693807592167873,WATER
India_287642,/home/s299259068/Área de Trabalho/Projetos/2026/artigo_llm/sen1floods11/HandLabeled/S1Hand/India_287642_S1Hand.tif,/home/s299259068/Área de Trabalho/Projetos/2026/artigo_llm/sen1floods11/HandLabeled/LabelHand/India_287642_LabelHand.tif,17914,97463,115377,146767,0.15526491415100063,15.526491415100063,WATER
India_324254,/home/s299259068/Área de Trabalho/Projetos/2026/artigo_llm/sen1floods11/HandLabeled/S1Hand/India_324254_S1Hand.tif,/home/s299259068/Área de Trabalho/Projetos/2026/artigo_llm/sen1floods11/HandLabeled/LabelHand/India_324254_LabelHand.tif,3883,258261,262144,0,0.014812469482421875,1.4812469482421875,AMBIGUOUS
India_373039,/home/s299259068/Área de Trabalho/Projetos/2026/artigo_llm/sen1floods11/HandLabeled/S1Hand/India_373039_S1Hand.tif,/home/s299259068/Área de Trabalho/Projetos/2026/artigo_llm/sen1floods11/HandLabeled/LabelHand/India_373039_LabelHand.tif,1509,241274,242783,19361,0.006215426945049694,0.6215426945049695,NON_WATER
India_383430,/home/s299259068/Área de Trabalho/Projetos/2026/artigo_llm/sen1floods11/HandLabeled/S1Hand/India_383430_S1Hand.tif,/home/s299259068/Área de Trabalho/Projetos/2026/artigo_llm/sen1floods11/HandLabeled/LabelHand/India_383430_LabelHand.tif,39228,212043,251271,10873,0.1561182945903029,15.611829459030291,WATER
India_391908,/home/s299259068/Área de Trabalho/Projetos/2026/artigo_llm/sen1floods11/HandLabeled/S1Hand/India_391908_S1Hand.tif,/home/s299259068/Área de Trabalho/Projetos/2026/artigo_llm/sen1floods11/HandLabeled/LabelHand/India_391908_LabelHand.tif,25989,185843,211832,50312,0.12268684617999169,12.268684617999169,WATER
India_399883,/home/s299259068/Área de Trabalho/Projetos/2026/artigo_llm/sen1floods11/HandLabeled/S1Hand/India_399883_S1Hand.tif,/home/s299259068/Área de Trabalho/Projetos/2026/artigo_llm/sen1floods11/HandLabeled/LabelHand/India_399883_LabelHand.tif,136292,125827,262119,25,0.5199623071963497,51.99623071963497,WATER
India_44475,/home/s299259068/Área de Trabalho/Projetos/2026/artigo_llm/sen1floods11/HandLabeled/S1Hand/India_44475_S1Hand.tif,/home/s299259068/Área de Trabalho/Projetos/2026/artigo_llm/sen1floods11/HandLabeled/LabelHand/India_44475_LabelHand.tif,0,260175,260175,1969,0.0,0.0,NON_WATER
India_500266,/home/s299259068/Área de Trabalho/Projetos/2026/artigo_llm/sen1floods11/HandLabeled/S1Hand/India_500266_S1Hand.tif,/home/s299259068/Área de Trabalho/Projetos/2026/artigo_llm/sen1floods11/HandLabeled/LabelHand/India_500266_LabelHand.tif,38181,223960,262141,3,0.1456506231379296,14.565062313792959,WATER
India_533192,/home/s299259068/Área de Trabalho/Projetos/2026/artigo_llm/sen1floods11/HandLabeled/S1Hand/India_533192_S1Hand.tif,/home/s299259068/Área de Trabalho/Projetos/2026/artigo_llm/sen1floods11/HandLabeled/LabelHand/India_533192_LabelHand.tif,49070,86187,135257,126887,0.3627908352247943,36.279083522479425,WATER
India_534470,/home/s299259068/Área de Trabalho/Projetos/2026/artigo_llm/sen1floods11/HandLabeled/S1Hand/India_534470_S1Hand.tif,/home/s299259068/Área de Trabalho/Projetos/2026/artigo_llm/sen1floods11/HandLabeled/LabelHand/India_534470_LabelHand.tif,7434,243136,250570,11574,0.0296683561479826,2.96683561479826,AMBIGUOUS
India_56450,/home/s299259068/Área de Trabalho/Projetos/2026/artigo_llm/sen1floods11/HandLabeled/S1Hand/India_56450_S1Hand.tif,/home/s299259068/Área de Trabalho/Projetos/2026/artigo_llm/sen1floods11/HandLabeled/LabelHand/India_56450_LabelHand.tif,82,181166,181248,80896,0.00045241878531073447,0.04524187853107345,NON_WATER
India_566697,/home/s299259068/Área de Trabalho/Projetos/2026/artigo_llm/sen1floods11/HandLabeled/S1Hand/India_566697_S1Hand.tif,/home/s299259068/Área de Trabalho/Projetos/2026/artigo_llm/sen1floods11/HandLabeled/LabelHand/India_566697_LabelHand.tif,14719,200984,215703,46441,0.06823734486771162,6.823734486771162,AMBIGUOUS
India_570384,/home/s299259068/Área de Trabalho/Projetos/2026/artigo_llm/sen1floods11/HandLabeled/S1Hand/India_570384_S1Hand.tif,/home/s299259068/Área de Trabalho/Projetos/2026/artigo_llm/sen1floods11/HandLabeled/LabelHand/India_570384_LabelHand.tif,14548,227452,242000,20144,0.060115702479338846,6.011570247933885,AMBIGUOUS
India_591317,/home/s299259068/Área de Trabalho/Projetos/2026/artigo_llm/sen1floods11/HandLabeled/S1Hand/India_591317_S1Hand.tif,/home/s299259068/Área de Trabalho/Projetos/2026/artigo_llm/sen1floods11/HandLabeled/LabelHand/India_591317_LabelHand.tif,114039,132010,246049,16095,0.4634808513751326,46.34808513751326,WATER
India_591549,/home/s299259068/Área de Trabalho/Projetos/2026/artigo_llm/sen1floods11/HandLabeled/S1Hand/India_591549_S1Hand.tif,/home/s299259068/Área de Trabalho/Projetos/2026/artigo_llm/sen1floods11/HandLabeled/LabelHand/India_591549_LabelHand.tif,11054,234655,245709,16435,0.044988177071250954,4.498817707125095,AMBIGUOUS
India_592446,/home/s299259068/Área de Trabalho/Projetos/2026/artigo_llm/sen1floods11/HandLabeled/S1Hand/India_592446_S1Hand.tif,/home/s299259068/Área de Trabalho/Projetos/2026/artigo_llm/sen1floods11/HandLabeled/LabelHand/India_592446_LabelHand.tif,9044,215311,224355,37789,0.04031111408259232,4.031111408259232,AMBIGUOUS
India_59460,/home/s299259068/Área de Trabalho/Projetos/2026/artigo_llm/sen1floods11/HandLabeled/S1Hand/India_59460_S1Hand.tif,/home/s299259068/Área de Trabalho/Projetos/2026/artigo_llm/sen1floods11/HandLabeled/LabelHand/India_59460_LabelHand.tif,315,209038,209353,52791,0.001504635710976198,0.15046357109761982,NON_WATER
India_624341,/home/s299259068/Área de Trabalho/Projetos/2026/artigo_llm/sen1floods11/HandLabeled/S1Hand/India_624341_S1Hand.tif,/home/s299259068/Área de Trabalho/Projetos/2026/artigo_llm/sen1floods11/HandLabeled/LabelHand/India_624341_LabelHand.tif,3224,258918,262142,2,0.01229867781584027,1.2298677815840269,AMBIGUOUS
India_631692,/home/s299259068/Área de Trabalho/Projetos/2026/artigo_llm/sen1floods11/HandLabeled/S1Hand/India_631692_S1Hand.tif,/home/s299259068/Área de Trabalho/Projetos/2026/artigo_llm/sen1floods11/HandLabeled/LabelHand/India_631692_LabelHand.tif,802,261342,262144,0,0.00305938720703125,0.305938720703125,NON_WATER
India_652725,/home/s299259068/Área de Trabalho/Projetos/2026/artigo_llm/sen1floods11/HandLabeled/S1Hand/India_652725_S1Hand.tif,/home/s299259068/Área de Trabalho/Projetos/2026/artigo_llm/sen1floods11/HandLabeled/LabelHand/India_652725_LabelHand.tif,21795,240299,262094,50,0.08315718787915787,8.315718787915786,AMBIGUOUS
India_664410,/home/s299259068/Área de Trabalho/Projetos/2026/artigo_llm/sen1floods11/HandLabeled/S1Hand/India_664410_S1Hand.tif,/home/s299259068/Área de Trabalho/Projetos/2026/artigo_llm/sen1floods11/HandLabeled/LabelHand/India_664410_LabelHand.tif,13526,248616,262142,2,0.051597988876257904,5.15979888762579,AMBIGUOUS
India_691027,/home/s299259068/Área de Trabalho/Projetos/2026/artigo_llm/sen1floods11/HandLabeled/S1Hand/India_691027_S1Hand.tif,/home/s299259068/Área de Trabalho/Projetos/2026/artigo_llm/sen1floods11/HandLabeled/LabelHand/India_691027_LabelHand.tif,8394,245640,254034,8110,0.033042821039703345,3.3042821039703343,AMBIGUOUS
India_698338,/home/s299259068/Área de Trabalho/Projetos/2026/artigo_llm/sen1floods11/HandLabeled/S1Hand/India_698338_S1Hand.tif,/home/s299259068/Área de Trabalho/Projetos/2026/artigo_llm/sen1floods11/HandLabeled/LabelHand/India_698338_LabelHand.tif,9936,218048,227984,34160,0.04358200575478981,4.358200575478981,AMBIGUOUS
India_70352,/home/s299259068/Área de Trabalho/Projetos/2026/artigo_llm/sen1floods11/HandLabeled/S1Hand/India_70352_S1Hand.tif,/home/s299259068/Área de Trabalho/Projetos/2026/artigo_llm/sen1floods11/HandLabeled/LabelHand/India_70352_LabelHand.tif,13188,226041,239229,22915,0.05512709579524221,5.512709579524222,AMBIGUOUS
India_707886,/home/s299259068/Área de Trabalho/Projetos/2026/artigo_llm/sen1floods11/HandLabeled/S1Hand/India_707886_S1Hand.tif,/home/s299259068/Área de Trabalho/Projetos/2026/artigo_llm/sen1floods11/HandLabeled/LabelHand/India_707886_LabelHand.tif,5668,251213,256881,5263,0.02206469143299816,2.206469143299816,AMBIGUOUS
India_73419,/home/s299259068/Área de Trabalho/Projetos/2026/artigo_llm/sen1floods11/HandLabeled/S1Hand/India_73419_S1Hand.tif,/home/s299259068/Área de Trabalho/Projetos/2026/artigo_llm/sen1floods11/HandLabeled/LabelHand/India_73419_LabelHand.tif,6252,172682,178934,83210,0.034940257301574885,3.4940257301574884,AMBIGUOUS
India_747970,/home/s299259068/Área de Trabalho/Projetos/2026/artigo_llm/sen1floods11/HandLabeled/S1Hand/India_747970_S1Hand.tif,/home/s299259068/Área de Trabalho/Projetos/2026/artigo_llm/sen1floods11/HandLabeled/LabelHand/India_747970_LabelHand.tif,5007,241510,246517,15627,0.02031097246843017,2.031097246843017,AMBIGUOUS
India_747992,/home/s299259068/Área de Trabalho/Projetos/2026/artigo_llm/sen1floods11/HandLabeled/S1Hand/India_747992_S1Hand.tif,/home/s299259068/Área de Trabalho/Projetos/2026/artigo_llm/sen1floods11/HandLabeled/LabelHand/India_747992_LabelHand.tif,117322,144765,262087,57,0.44764524757046326,44.764524757046324,WATER
India_764946,/home/s299259068/Área de Trabalho/Projetos/2026/artigo_llm/sen1floods11/HandLabeled/S1Hand/India_764946_S1Hand.tif,/home/s299259068/Área de Trabalho/Projetos/2026/artigo_llm/sen1floods11/HandLabeled/LabelHand/India_764946_LabelHand.tif,3146,239356,242502,19642,0.01297308888174118,1.2973088881741182,AMBIGUOUS
India_769408,/home/s299259068/Área de Trabalho/Projetos/2026/artigo_llm/sen1floods11/HandLabeled/S1Hand/India_769408_S1Hand.tif,/home/s299259068/Área de Trabalho/Projetos/2026/artigo_llm/sen1floods11/HandLabeled/LabelHand/India_769408_LabelHand.tif,8582,167325,175907,86237,0.048787143206353356,4.878714320635336,AMBIGUOUS
India_772630,/home/s299259068/Área de Trabalho/Projetos/2026/artigo_llm/sen1floods11/HandLabeled/S1Hand/India_772630_S1Hand.tif,/home/s299259068/Área de Trabalho/Projetos/2026/artigo_llm/sen1floods11/HandLabeled/LabelHand/India_772630_LabelHand.tif,1345,153987,155332,106812,0.00865887260834857,0.8658872608348569,NON_WATER
India_773682,/home/s299259068/Área de Trabalho/Projetos/2026/artigo_llm/sen1floods11/HandLabeled/S1Hand/India_773682_S1Hand.tif,/home/s299259068/Área de Trabalho/Projetos/2026/artigo_llm/sen1floods11/HandLabeled/LabelHand/India_773682_LabelHand.tif,30959,221834,252793,9351,0.12246778985177596,12.246778985177595,WATER
India_774689,/home/s299259068/Área de Trabalho/Projetos/2026/artigo_llm/sen1floods11/HandLabeled/S1Hand/India_774689_S1Hand.tif,/home/s299259068/Área de Trabalho/Projetos/2026/artigo_llm/sen1floods11/HandLabeled/LabelHand/India_774689_LabelHand.tif,18855,219125,237980,24164,0.07922934700394992,7.9229347003949915,AMBIGUOUS
India_79637,/home/s299259068/Área de Trabalho/Projetos/2026/artigo_llm/sen1floods11/HandLabeled/S1Hand/India_79637_S1Hand.tif,/home/s299259068/Área de Trabalho/Projetos/2026/artigo_llm/sen1floods11/HandLabeled/LabelHand/India_79637_LabelHand.tif,5165,256979,262144,0,0.019702911376953125,1.9702911376953125,AMBIGUOUS
India_80221,/home/s299259068/Área de Trabalho/Projetos/2026/artigo_llm/sen1floods11/HandLabeled/S1Hand/India_80221_S1Hand.tif,/home/s299259068/Área de Trabalho/Projetos/2026/artigo_llm/sen1floods11/HandLabeled/LabelHand/India_80221_LabelHand.tif,114506,37287,151793,110351,0.7543562614876839,75.43562614876839,WATER
India_804466,/home/s299259068/Área de Trabalho/Projetos/2026/artigo_llm/sen1floods11/HandLabeled/S1Hand/India_804466_S1Hand.tif,/home/s299259068/Área de Trabalho/Projetos/2026/artigo_llm/sen1floods11/HandLabeled/LabelHand/India_804466_LabelHand.tif,50228,211906,262134,10,0.19161192367262544,19.161192367262544,WATER
India_828067,/home/s299259068/Área de Trabalho/Projetos/2026/artigo_llm/sen1floods11/HandLabeled/S1Hand/India_828067_S1Hand.tif,/home/s299259068/Área de Trabalho/Projetos/2026/artigo_llm/sen1floods11/HandLabeled/LabelHand/India_828067_LabelHand.tif,6994,176126,183120,79024,0.03819353429445173,3.8193534294451728,AMBIGUOUS
India_833266,/home/s299259068/Área de Trabalho/Projetos/2026/artigo_llm/sen1floods11/HandLabeled/S1Hand/India_833266_S1Hand.tif,/home/s299259068/Área de Trabalho/Projetos/2026/artigo_llm/sen1floods11/HandLabeled/LabelHand/India_833266_LabelHand.tif,18262,201412,219674,42470,0.08313227782987517,8.313227782987518,AMBIGUOUS
India_842775,/home/s299259068/Área de Trabalho/Projetos/2026/artigo_llm/sen1floods11/HandLabeled/S1Hand/India_842775_S1Hand.tif,/home/s299259068/Área de Trabalho/Projetos/2026/artigo_llm/sen1floods11/HandLabeled/LabelHand/India_842775_LabelHand.tif,5929,240489,246418,15726,0.02406074231590225,2.406074231590225,AMBIGUOUS
India_869358,/home/s299259068/Área de Trabalho/Projetos/2026/artigo_llm/sen1floods11/HandLabeled/S1Hand/India_869358_S1Hand.tif,/home/s299259068/Área de Trabalho/Projetos/2026/artigo_llm/sen1floods11/HandLabeled/LabelHand/India_869358_LabelHand.tif,5050,257094,262144,0,0.01926422119140625,1.926422119140625,AMBIGUOUS
India_900498,/home/s299259068/Área de Trabalho/Projetos/2026/artigo_llm/sen1floods11/HandLabeled/S1Hand/India_900498_S1Hand.tif,/home/s299259068/Área de Trabalho/Projetos/2026/artigo_llm/sen1floods11/HandLabeled/LabelHand/India_900498_LabelHand.tif,123953,138039,261992,152,0.4731174997709854,47.311749977098536,WATER
India_91379,/home/s299259068/Área de Trabalho/Projetos/2026/artigo_llm/sen1floods11/HandLabeled/S1Hand/India_91379_S1Hand.tif,/home/s299259068/Área de Trabalho/Projetos/2026/artigo_llm/sen1floods11/HandLabeled/LabelHand/India_91379_LabelHand.tif,29594,232539,262133,11,0.11289688822086498,11.289688822086498,WATER
India_943439,/home/s299259068/Área de Trabalho/Projetos/2026/artigo_llm/sen1floods11/HandLabeled/S1Hand/India_943439_S1Hand.tif,/home/s299259068/Área de Trabalho/Projetos/2026/artigo_llm/sen1floods11/HandLabeled/LabelHand/India_943439_LabelHand.tif,47609,202487,250096,12048,0.19036290064615188,19.036290064615187,WATER
India_952728,/home/s299259068/Área de Trabalho/Projetos/2026/artigo_llm/sen1floods11/HandLabeled/S1Hand/India_952728_S1Hand.tif,/home/s299259068/Área de Trabalho/Projetos/2026/artigo_llm/sen1floods11/HandLabeled/LabelHand/India_952728_LabelHand.tif,5848,182868,188716,73428,0.03098836346679667,3.0988363466796667,AMBIGUOUS
India_956930,/home/s299259068/Área de Trabalho/Projetos/2026/artigo_llm/sen1floods11/HandLabeled/S1Hand/India_956930_S1Hand.tif,/home/s299259068/Área de Trabalho/Projetos/2026/artigo_llm/sen1floods11/HandLabeled/LabelHand/India_956930_LabelHand.tif,40096,197034,237130,25014,0.16908868553114326,16.908868553114324,WATER
India_979278,/home/s299259068/Área de Trabalho/Projetos/2026/artigo_llm/sen1floods11/HandLabeled/S1Hand/India_979278_S1Hand.tif,/home/s299259068/Área de Trabalho/Projetos/2026/artigo_llm/sen1floods11/HandLabeled/LabelHand/India_979278_LabelHand.tif,5437,103632,109069,153075,0.049849178043257024,4.984917804325702,AMBIGUOUS
India_981708,/home/s299259068/Área de Trabalho/Projetos/2026/artigo_llm/sen1floods11/HandLabeled/S1Hand/India_981708_S1Hand.tif,/home/s299259068/Área de Trabalho/Projetos/2026/artigo_llm/sen1floods11/HandLabeled/LabelHand/India_981708_LabelHand.tif,10388,213636,224024,38120,0.046370031782309036,4.637003178230904,AMBIGUOUS
Mekong_1111068,/home/s299259068/Área de Trabalho/Projetos/2026/artigo_llm/sen1floods11/HandLabeled/S1Hand/Mekong_1111068_S1Hand.tif,/home/s299259068/Área de Trabalho/Projetos/2026/artigo_llm/sen1floods11/HandLabeled/LabelHand/Mekong_1111068_LabelHand.tif,7449,254649,262098,46,0.02842066707872628,2.842066707872628,AMBIGUOUS
Mekong_1149855,/home/s299259068/Área de Trabalho/Projetos/2026/artigo_llm/sen1floods11/HandLabeled/S1Hand/Mekong_1149855_S1Hand.tif,/home/s299259068/Área de Trabalho/Projetos/2026/artigo_llm/sen1floods11/HandLabeled/LabelHand/Mekong_1149855_LabelHand.tif,17260,207515,224775,37369,0.07678789901012123,7.678789901012123,AMBIGUOUS
Mekong_1191208,/home/s299259068/Área de Trabalho/Projetos/2026/artigo_llm/sen1floods11/HandLabeled/S1Hand/Mekong_1191208_S1Hand.tif,/home/s299259068/Área de Trabalho/Projetos/2026/artigo_llm/sen1floods11/HandLabeled/LabelHand/Mekong_1191208_LabelHand.tif,15265,187047,202312,59832,0.07545276602475384,7.545276602475385,AMBIGUOUS
Mekong_119477,/home/s299259068/Área de Trabalho/Projetos/2026/artigo_llm/sen1floods11/HandLabeled/S1Hand/Mekong_119477_S1Hand.tif,/home/s299259068/Área de Trabalho/Projetos/2026/artigo_llm/sen1floods11/HandLabeled/LabelHand/Mekong_119477_LabelHand.tif,2996,257956,260952,1192,0.011481038658450597,1.1481038658450597,AMBIGUOUS
Mekong_1248200,/home/s299259068/Área de Trabalho/Projetos/2026/artigo_llm/sen1floods11/HandLabeled/S1Hand/Mekong_1248200_S1Hand.tif,/home/s299259068/Área de Trabalho/Projetos/2026/artigo_llm/sen1floods11/HandLabeled/LabelHand/Mekong_1248200_LabelHand.tif,204588,56400,260988,1156,0.7838981102579429,78.38981102579429,WATER
Mekong_1282475,/home/s299259068/Área de Trabalho/Projetos/2026/artigo_llm/sen1floods11/HandLabeled/S1Hand/Mekong_1282475_S1Hand.tif,/home/s299259068/Área de Trabalho/Projetos/2026/artigo_llm/sen1floods11/HandLabeled/LabelHand/Mekong_1282475_LabelHand.tif,26551,235593,262144,0,0.10128402709960938,10.128402709960938,WATER
Mekong_1395593,/home/s299259068/Área de Trabalho/Projetos/2026/artigo_llm/sen1floods11/HandLabeled/S1Hand/Mekong_1395593_S1Hand.tif,/home/s299259068/Área de Trabalho/Projetos/2026/artigo_llm/sen1floods11/HandLabeled/LabelHand/Mekong_1395593_LabelHand.tif,18875,242853,261728,416,0.07211685413864775,7.2116854138647755,AMBIGUOUS
Mekong_1396181,/home/s299259068/Área de Trabalho/Projetos/2026/artigo_llm/sen1floods11/HandLabeled/S1Hand/Mekong_1396181_S1Hand.tif,/home/s299259068/Área de Trabalho/Projetos/2026/artigo_llm/sen1floods11/HandLabeled/LabelHand/Mekong_1396181_LabelHand.tif,145007,98055,243062,19082,0.5965844105619142,59.65844105619142,WATER
Mekong_1413877,/home/s299259068/Área de Trabalho/Projetos/2026/artigo_llm/sen1floods11/HandLabeled/S1Hand/Mekong_1413877_S1Hand.tif,/home/s299259068/Área de Trabalho/Projetos/2026/artigo_llm/sen1floods11/HandLabeled/LabelHand/Mekong_1413877_LabelHand.tif,2512,254456,256968,5176,0.009775536253541297,0.9775536253541297,NON_WATER
Mekong_1439641,/home/s299259068/Área de Trabalho/Projetos/2026/artigo_llm/sen1floods11/HandLabeled/S1Hand/Mekong_1439641_S1Hand.tif,/home/s299259068/Área de Trabalho/Projetos/2026/artigo_llm/sen1floods11/HandLabeled/LabelHand/Mekong_1439641_LabelHand.tif,197802,64281,262083,61,0.7547303716761484,75.47303716761485,WATER
Mekong_1443339,/home/s299259068/Área de Trabalho/Projetos/2026/artigo_llm/sen1floods11/HandLabeled/S1Hand/Mekong_1443339_S1Hand.tif,/home/s299259068/Área de Trabalho/Projetos/2026/artigo_llm/sen1floods11/HandLabeled/LabelHand/Mekong_1443339_LabelHand.tif,192783,69352,262135,9,0.7354340320827055,73.54340320827055,WATER
Mekong_16233,/home/s299259068/Área de Trabalho/Projetos/2026/artigo_llm/sen1floods11/HandLabeled/S1Hand/Mekong_16233_S1Hand.tif,/home/s299259068/Área de Trabalho/Projetos/2026/artigo_llm/sen1floods11/HandLabeled/LabelHand/Mekong_16233_LabelHand.tif,62211,199921,262132,12,0.2373269955594891,23.732699555948912,WATER
Mekong_213094,/home/s299259068/Área de Trabalho/Projetos/2026/artigo_llm/sen1floods11/HandLabeled/S1Hand/Mekong_213094_S1Hand.tif,/home/s299259068/Área de Trabalho/Projetos/2026/artigo_llm/sen1floods11/HandLabeled/LabelHand/Mekong_213094_LabelHand.tif,111,230473,230584,31560,0.00048138639281129655,0.04813863928112966,NON_WATER
Mekong_221789,/home/s299259068/Área de Trabalho/Projetos/2026/artigo_llm/sen1floods11/HandLabeled/S1Hand/Mekong_221789_S1Hand.tif,/home/s299259068/Área de Trabalho/Projetos/2026/artigo_llm/sen1floods11/HandLabeled/LabelHand/Mekong_221789_LabelHand.tif,0,215327,215327,46817,0.0,0.0,NON_WATER
Mekong_254910,/home/s299259068/Área de Trabalho/Projetos/2026/artigo_llm/sen1floods11/HandLabeled/S1Hand/Mekong_254910_S1Hand.tif,/home/s299259068/Área de Trabalho/Projetos/2026/artigo_llm/sen1floods11/HandLabeled/LabelHand/Mekong_254910_LabelHand.tif,135,205360,205495,56649,0.0006569502907613324,0.06569502907613324,NON_WATER
Mekong_269835,/home/s299259068/Área de Trabalho/Projetos/2026/artigo_llm/sen1floods11/HandLabeled/S1Hand/Mekong_269835_S1Hand.tif,/home/s299259068/Área de Trabalho/Projetos/2026/artigo_llm/sen1floods11/HandLabeled/LabelHand/Mekong_269835_LabelHand.tif,483,211753,212236,49908,0.0022757684841402965,0.22757684841402964,NON_WATER
Mekong_293769,/home/s299259068/Área de Trabalho/Projetos/2026/artigo_llm/sen1floods11/HandLabeled/S1Hand/Mekong_293769_S1Hand.tif,/home/s299259068/Área de Trabalho/Projetos/2026/artigo_llm/sen1floods11/HandLabeled/LabelHand/Mekong_293769_LabelHand.tif,30677,200383,231060,31084,0.13276638102657318,13.276638102657317,WATER
Mekong_333434,/home/s299259068/Área de Trabalho/Projetos/2026/artigo_llm/sen1floods11/HandLabeled/S1Hand/Mekong_333434_S1Hand.tif,/home/s299259068/Área de Trabalho/Projetos/2026/artigo_llm/sen1floods11/HandLabeled/LabelHand/Mekong_333434_LabelHand.tif,3284,199849,203133,59011,0.01616674789423678,1.6166747894236781,AMBIGUOUS
Mekong_342411,/home/s299259068/Área de Trabalho/Projetos/2026/artigo_llm/sen1floods11/HandLabeled/S1Hand/Mekong_342411_S1Hand.tif,/home/s299259068/Área de Trabalho/Projetos/2026/artigo_llm/sen1floods11/HandLabeled/LabelHand/Mekong_342411_LabelHand.tif,28914,233227,262141,3,0.1102994190149576,11.02994190149576,WATER
Mekong_382276,/home/s299259068/Área de Trabalho/Projetos/2026/artigo_llm/sen1floods11/HandLabeled/S1Hand/Mekong_382276_S1Hand.tif,/home/s299259068/Área de Trabalho/Projetos/2026/artigo_llm/sen1floods11/HandLabeled/LabelHand/Mekong_382276_LabelHand.tif,9808,252303,262111,33,0.037419261305324844,3.7419261305324842,AMBIGUOUS
Mekong_424793,/home/s299259068/Área de Trabalho/Projetos/2026/artigo_llm/sen1floods11/HandLabeled/S1Hand/Mekong_424793_S1Hand.tif,/home/s299259068/Área de Trabalho/Projetos/2026/artigo_llm/sen1floods11/HandLabeled/LabelHand/Mekong_424793_LabelHand.tif,4003,254484,258487,3657,0.015486272036891603,1.5486272036891604,AMBIGUOUS
Mekong_45934,/home/s299259068/Área de Trabalho/Projetos/2026/artigo_llm/sen1floods11/HandLabeled/S1Hand/Mekong_45934_S1Hand.tif,/home/s299259068/Área de Trabalho/Projetos/2026/artigo_llm/sen1floods11/HandLabeled/LabelHand/Mekong_45934_LabelHand.tif,296,261563,261859,285,0.0011303793262786462,0.11303793262786462,NON_WATER
Mekong_474783,/home/s299259068/Área de Trabalho/Projetos/2026/artigo_llm/sen1floods11/HandLabeled/S1Hand/Mekong_474783_S1Hand.tif,/home/s299259068/Área de Trabalho/Projetos/2026/artigo_llm/sen1floods11/HandLabeled/LabelHand/Mekong_474783_LabelHand.tif,5780,256339,262119,25,0.02205105314761616,2.205105314761616,AMBIGUOUS
Mekong_52610,/home/s299259068/Área de Trabalho/Projetos/2026/artigo_llm/sen1floods11/HandLabeled/S1Hand/Mekong_52610_S1Hand.tif,/home/s299259068/Área de Trabalho/Projetos/2026/artigo_llm/sen1floods11/HandLabeled/LabelHand/Mekong_52610_LabelHand.tif,210673,51471,262144,0,0.8036537170410156,80.36537170410156,WATER
Mekong_596495,/home/s299259068/Área de Trabalho/Projetos/2026/artigo_llm/sen1floods11/HandLabeled/S1Hand/Mekong_596495_S1Hand.tif,/home/s299259068/Área de Trabalho/Projetos/2026/artigo_llm/sen1floods11/HandLabeled/LabelHand/Mekong_596495_LabelHand.tif,177144,52340,229484,32660,0.7719230970350874,77.19230970350874,WATER
Mekong_774566,/home/s299259068/Área de Trabalho/Projetos/2026/artigo_llm/sen1floods11/HandLabeled/S1Hand/Mekong_774566_S1Hand.tif,/home/s299259068/Área de Trabalho/Projetos/2026/artigo_llm/sen1floods11/HandLabeled/LabelHand/Mekong_774566_LabelHand.tif,77043,150685,227728,34416,0.33831149441438907,33.83114944143891,WATER
Mekong_846007,/home/s299259068/Área de Trabalho/Projetos/2026/artigo_llm/sen1floods11/HandLabeled/S1Hand/Mekong_846007_S1Hand.tif,/home/s299259068/Área de Trabalho/Projetos/2026/artigo_llm/sen1floods11/HandLabeled/LabelHand/Mekong_846007_LabelHand.tif,7535,156495,164030,98114,0.04593671889288545,4.593671889288545,AMBIGUOUS
Mekong_922373,/home/s299259068/Área de Trabalho/Projetos/2026/artigo_llm/sen1floods11/HandLabeled/S1Hand/Mekong_922373_S1Hand.tif,/home/s299259068/Área de Trabalho/Projetos/2026/artigo_llm/sen1floods11/HandLabeled/LabelHand/Mekong_922373_LabelHand.tif,119765,142373,262138,6,0.4568776751176861,45.68776751176861,WATER
Mekong_977338,/home/s299259068/Área de Trabalho/Projetos/2026/artigo_llm/sen1floods11/HandLabeled/S1Hand/Mekong_977338_S1Hand.tif,/home/s299259068/Área de Trabalho/Projetos/2026/artigo_llm/sen1floods11/HandLabeled/LabelHand/Mekong_977338_LabelHand.tif,65567,111391,176958,85186,0.37052294894833804,37.05229489483381,WATER
Mekong_98310,/home/s299259068/Área de Trabalho/Projetos/2026/artigo_llm/sen1floods11/HandLabeled/S1Hand/Mekong_98310_S1Hand.tif,/home/s299259068/Área de Trabalho/Projetos/2026/artigo_llm/sen1floods11/HandLabeled/LabelHand/Mekong_98310_LabelHand.tif,85667,97104,182771,79373,0.4687122136443965,46.871221364439656,WATER
Nigeria_1095404,/home/s299259068/Área de Trabalho/Projetos/2026/artigo_llm/sen1floods11/HandLabeled/S1Hand/Nigeria_1095404_S1Hand.tif,/home/s299259068/Área de Trabalho/Projetos/2026/artigo_llm/sen1floods11/HandLabeled/LabelHand/Nigeria_1095404_LabelHand.tif,46091,206192,252283,9861,0.18269562356559896,18.269562356559895,WATER
Nigeria_143329,/home/s299259068/Área de Trabalho/Projetos/2026/artigo_llm/sen1floods11/HandLabeled/S1Hand/Nigeria_143329_S1Hand.tif,/home/s299259068/Área de Trabalho/Projetos/2026/artigo_llm/sen1floods11/HandLabeled/LabelHand/Nigeria_143329_LabelHand.tif,2777,246723,249500,12644,0.011130260521042084,1.1130260521042084,AMBIGUOUS
Nigeria_22088,/home/s299259068/Área de Trabalho/Projetos/2026/artigo_llm/sen1floods11/HandLabeled/S1Hand/Nigeria_22088_S1Hand.tif,/home/s299259068/Área de Trabalho/Projetos/2026/artigo_llm/sen1floods11/HandLabeled/LabelHand/Nigeria_22088_LabelHand.tif,629,222017,222646,39498,0.002825112510442586,0.2825112510442586,NON_WATER
Nigeria_225131,/home/s299259068/Área de Trabalho/Projetos/2026/artigo_llm/sen1floods11/HandLabeled/S1Hand/Nigeria_225131_S1Hand.tif,/home/s299259068/Área de Trabalho/Projetos/2026/artigo_llm/sen1floods11/HandLabeled/LabelHand/Nigeria_225131_LabelHand.tif,1131,240124,241255,20889,0.004687985741228161,0.4687985741228161,NON_WATER
Nigeria_31096,/home/s299259068/Área de Trabalho/Projetos/2026/artigo_llm/sen1floods11/HandLabeled/S1Hand/Nigeria_31096_S1Hand.tif,/home/s299259068/Área de Trabalho/Projetos/2026/artigo_llm/sen1floods11/HandLabeled/LabelHand/Nigeria_31096_LabelHand.tif,816,216671,217487,44657,0.003751948392317702,0.3751948392317702,NON_WATER
Nigeria_35845,/home/s299259068/Área de Trabalho/Projetos/2026/artigo_llm/sen1floods11/HandLabeled/S1Hand/Nigeria_35845_S1Hand.tif,/home/s299259068/Área de Trabalho/Projetos/2026/artigo_llm/sen1floods11/HandLabeled/LabelHand/Nigeria_35845_LabelHand.tif,286,212756,213042,49102,0.0013424582946085749,0.1342458294608575,NON_WATER
Nigeria_417184,/home/s299259068/Área de Trabalho/Projetos/2026/artigo_llm/sen1floods11/HandLabeled/S1Hand/Nigeria_417184_S1Hand.tif,/home/s299259068/Área de Trabalho/Projetos/2026/artigo_llm/sen1floods11/HandLabeled/LabelHand/Nigeria_417184_LabelHand.tif,1384,57685,59069,203075,0.02343022566828624,2.343022566828624,AMBIGUOUS
Nigeria_439488,/home/s299259068/Área de Trabalho/Projetos/2026/artigo_llm/sen1floods11/HandLabeled/S1Hand/Nigeria_439488_S1Hand.tif,/home/s299259068/Área de Trabalho/Projetos/2026/artigo_llm/sen1floods11/HandLabeled/LabelHand/Nigeria_439488_LabelHand.tif,1468,227732,229200,32944,0.006404886561954625,0.6404886561954625,NON_WATER
Nigeria_529525,/home/s299259068/Área de Trabalho/Projetos/2026/artigo_llm/sen1floods11/HandLabeled/S1Hand/Nigeria_529525_S1Hand.tif,/home/s299259068/Área de Trabalho/Projetos/2026/artigo_llm/sen1floods11/HandLabeled/LabelHand/Nigeria_529525_LabelHand.tif,223651,38493,262144,0,0.8531608581542969,85.31608581542969,WATER
Nigeria_598959,/home/s299259068/Área de Trabalho/Projetos/2026/artigo_llm/sen1floods11/HandLabeled/S1Hand/Nigeria_598959_S1Hand.tif,/home/s299259068/Área de Trabalho/Projetos/2026/artigo_llm/sen1floods11/HandLabeled/LabelHand/Nigeria_598959_LabelHand.tif,46528,164680,211208,50936,0.22029468580735578,22.02946858073558,WATER
Nigeria_600295,/home/s299259068/Área de Trabalho/Projetos/2026/artigo_llm/sen1floods11/HandLabeled/S1Hand/Nigeria_600295_S1Hand.tif,/home/s299259068/Área de Trabalho/Projetos/2026/artigo_llm/sen1floods11/HandLabeled/LabelHand/Nigeria_600295_LabelHand.tif,83661,98030,181691,80453,0.46045759008426396,46.045759008426394,WATER
Nigeria_707067,/home/s299259068/Área de Trabalho/Projetos/2026/artigo_llm/sen1floods11/HandLabeled/S1Hand/Nigeria_707067_S1Hand.tif,/home/s299259068/Área de Trabalho/Projetos/2026/artigo_llm/sen1floods11/HandLabeled/LabelHand/Nigeria_707067_LabelHand.tif,3756,257603,261359,785,0.014371037538405029,1.437103753840503,AMBIGUOUS
Nigeria_78061,/home/s299259068/Área de Trabalho/Projetos/2026/artigo_llm/sen1floods11/HandLabeled/S1Hand/Nigeria_78061_S1Hand.tif,/home/s299259068/Área de Trabalho/Projetos/2026/artigo_llm/sen1floods11/HandLabeled/LabelHand/Nigeria_78061_LabelHand.tif,5494,223392,228886,33258,0.024003215574565504,2.4003215574565506,AMBIGUOUS
Nigeria_812045,/home/s299259068/Área de Trabalho/Projetos/2026/artigo_llm/sen1floods11/HandLabeled/S1Hand/Nigeria_812045_S1Hand.tif,/home/s299259068/Área de Trabalho/Projetos/2026/artigo_llm/sen1floods11/HandLabeled/LabelHand/Nigeria_812045_LabelHand.tif,120118,117016,237134,25010,0.5065406057334672,50.65406057334671,WATER
Nigeria_81933,/home/s299259068/Área de Trabalho/Projetos/2026/artigo_llm/sen1floods11/HandLabeled/S1Hand/Nigeria_81933_S1Hand.tif,/home/s299259068/Área de Trabalho/Projetos/2026/artigo_llm/sen1floods11/HandLabeled/LabelHand/Nigeria_81933_LabelHand.tif,177950,68318,246268,15876,0.7225867753829162,72.25867753829162,WATER
Nigeria_820924,/home/s299259068/Área de Trabalho/Projetos/2026/artigo_llm/sen1floods11/HandLabeled/S1Hand/Nigeria_820924_S1Hand.tif,/home/s299259068/Área de Trabalho/Projetos/2026/artigo_llm/sen1floods11/HandLabeled/LabelHand/Nigeria_820924_LabelHand.tif,1176,260967,262143,1,0.00448610109749259,0.44861010974925897,NON_WATER
Nigeria_952958,/home/s299259068/Área de Trabalho/Projetos/2026/artigo_llm/sen1floods11/HandLabeled/S1Hand/Nigeria_952958_S1Hand.tif,/home/s299259068/Área de Trabalho/Projetos/2026/artigo_llm/sen1floods11/HandLabeled/LabelHand/Nigeria_952958_LabelHand.tif,9735,217939,227674,34470,0.04275850558254346,4.275850558254346,AMBIGUOUS
Nigeria_984831,/home/s299259068/Área de Trabalho/Projetos/2026/artigo_llm/sen1floods11/HandLabeled/S1Hand/Nigeria_984831_S1Hand.tif,/home/s299259068/Área de Trabalho/Projetos/2026/artigo_llm/sen1floods11/HandLabeled/LabelHand/Nigeria_984831_LabelHand.tif,221680,18478,240158,21986,0.9230589861674398,92.30589861674397,WATER
Pakistan_1027214,/home/s299259068/Área de Trabalho/Projetos/2026/artigo_llm/sen1floods11/HandLabeled/S1Hand/Pakistan_1027214_S1Hand.tif,/home/s299259068/Área de Trabalho/Projetos/2026/artigo_llm/sen1floods11/HandLabeled/LabelHand/Pakistan_1027214_LabelHand.tif,23870,135088,158958,103186,0.15016545250946792,15.016545250946791,WATER
Pakistan_1036366,/home/s299259068/Área de Trabalho/Projetos/2026/artigo_llm/sen1floods11/HandLabeled/S1Hand/Pakistan_1036366_S1Hand.tif,/home/s299259068/Área de Trabalho/Projetos/2026/artigo_llm/sen1floods11/HandLabeled/LabelHand/Pakistan_1036366_LabelHand.tif,22673,87707,110380,151764,0.20540858851241167,20.54085885124117,WATER
Pakistan_132143,/home/s299259068/Área de Trabalho/Projetos/2026/artigo_llm/sen1floods11/HandLabeled/S1Hand/Pakistan_132143_S1Hand.tif,/home/s299259068/Área de Trabalho/Projetos/2026/artigo_llm/sen1floods11/HandLabeled/LabelHand/Pakistan_132143_LabelHand.tif,0,262144,262144,0,0.0,0.0,NON_WATER
Pakistan_167553,/home/s299259068/Área de Trabalho/Projetos/2026/artigo_llm/sen1floods11/HandLabeled/S1Hand/Pakistan_167553_S1Hand.tif,/home/s299259068/Área de Trabalho/Projetos/2026/artigo_llm/sen1floods11/HandLabeled/LabelHand/Pakistan_167553_LabelHand.tif,1458,245647,247105,15039,0.005900325772444912,0.5900325772444912,NON_WATER
Pakistan_210595,/home/s299259068/Área de Trabalho/Projetos/2026/artigo_llm/sen1floods11/HandLabeled/S1Hand/Pakistan_210595_S1Hand.tif,/home/s299259068/Área de Trabalho/Projetos/2026/artigo_llm/sen1floods11/HandLabeled/LabelHand/Pakistan_210595_LabelHand.tif,0,262144,262144,0,0.0,0.0,NON_WATER
Pakistan_211386,/home/s299259068/Área de Trabalho/Projetos/2026/artigo_llm/sen1floods11/HandLabeled/S1Hand/Pakistan_211386_S1Hand.tif,/home/s299259068/Área de Trabalho/Projetos/2026/artigo_llm/sen1floods11/HandLabeled/LabelHand/Pakistan_211386_LabelHand.tif,6859,248546,255405,6739,0.026855386542941603,2.6855386542941604,AMBIGUOUS
Pakistan_246510,/home/s299259068/Área de Trabalho/Projetos/2026/artigo_llm/sen1floods11/HandLabeled/S1Hand/Pakistan_246510_S1Hand.tif,/home/s299259068/Área de Trabalho/Projetos/2026/artigo_llm/sen1floods11/HandLabeled/LabelHand/Pakistan_246510_LabelHand.tif,10741,248076,258817,3327,0.04150036512284742,4.150036512284742,AMBIGUOUS
Pakistan_246718,/home/s299259068/Área de Trabalho/Projetos/2026/artigo_llm/sen1floods11/HandLabeled/S1Hand/Pakistan_246718_S1Hand.tif,/home/s299259068/Área de Trabalho/Projetos/2026/artigo_llm/sen1floods11/HandLabeled/LabelHand/Pakistan_246718_LabelHand.tif,13126,222152,235278,26866,0.05578932156852744,5.578932156852744,AMBIGUOUS
Pakistan_336228,/home/s299259068/Área de Trabalho/Projetos/2026/artigo_llm/sen1floods11/HandLabeled/S1Hand/Pakistan_336228_S1Hand.tif,/home/s299259068/Área de Trabalho/Projetos/2026/artigo_llm/sen1floods11/HandLabeled/LabelHand/Pakistan_336228_LabelHand.tif,0,132471,132471,129673,0.0,0.0,NON_WATER
Pakistan_35915,/home/s299259068/Área de Trabalho/Projetos/2026/artigo_llm/sen1floods11/HandLabeled/S1Hand/Pakistan_35915_S1Hand.tif,/home/s299259068/Área de Trabalho/Projetos/2026/artigo_llm/sen1floods11/HandLabeled/LabelHand/Pakistan_35915_LabelHand.tif,52301,76932,129233,132911,0.4047031331006786,40.470313310067866,WATER
Pakistan_366265,/home/s299259068/Área de Trabalho/Projetos/2026/artigo_llm/sen1floods11/HandLabeled/S1Hand/Pakistan_366265_S1Hand.tif,/home/s299259068/Área de Trabalho/Projetos/2026/artigo_llm/sen1floods11/HandLabeled/LabelHand/Pakistan_366265_LabelHand.tif,2,127289,127291,134853,1.5712029915704958e-05,0.001571202991570496,NON_WATER
Pakistan_401863,/home/s299259068/Área de Trabalho/Projetos/2026/artigo_llm/sen1floods11/HandLabeled/S1Hand/Pakistan_401863_S1Hand.tif,/home/s299259068/Área de Trabalho/Projetos/2026/artigo_llm/sen1floods11/HandLabeled/LabelHand/Pakistan_401863_LabelHand.tif,3324,255521,258845,3299,0.012841661998493306,1.2841661998493306,AMBIGUOUS
Pakistan_43105,/home/s299259068/Área de Trabalho/Projetos/2026/artigo_llm/sen1floods11/HandLabeled/S1Hand/Pakistan_43105_S1Hand.tif,/home/s299259068/Área de Trabalho/Projetos/2026/artigo_llm/sen1floods11/HandLabeled/LabelHand/Pakistan_43105_LabelHand.tif,271,261404,261675,469,0.0010356358077768225,0.10356358077768224,NON_WATER
Pakistan_474121,/home/s299259068/Área de Trabalho/Projetos/2026/artigo_llm/sen1floods11/HandLabeled/S1Hand/Pakistan_474121_S1Hand.tif,/home/s299259068/Área de Trabalho/Projetos/2026/artigo_llm/sen1floods11/HandLabeled/LabelHand/Pakistan_474121_LabelHand.tif,8893,171896,180789,81355,0.049189939653408114,4.918993965340811,AMBIGUOUS
Pakistan_528249,/home/s299259068/Área de Trabalho/Projetos/2026/artigo_llm/sen1floods11/HandLabeled/S1Hand/Pakistan_528249_S1Hand.tif,/home/s299259068/Área de Trabalho/Projetos/2026/artigo_llm/sen1floods11/HandLabeled/LabelHand/Pakistan_528249_LabelHand.tif,0,76982,76982,185162,0.0,0.0,NON_WATER
Pakistan_548910,/home/s299259068/Área de Trabalho/Projetos/2026/artigo_llm/sen1floods11/HandLabeled/S1Hand/Pakistan_548910_S1Hand.tif,/home/s299259068/Área de Trabalho/Projetos/2026/artigo_llm/sen1floods11/HandLabeled/LabelHand/Pakistan_548910_LabelHand.tif,3439,232257,235696,26448,0.014590828864299776,1.4590828864299776,AMBIGUOUS
Pakistan_65724,/home/s299259068/Área de Trabalho/Projetos/2026/artigo_llm/sen1floods11/HandLabeled/S1Hand/Pakistan_65724_S1Hand.tif,/home/s299259068/Área de Trabalho/Projetos/2026/artigo_llm/sen1floods11/HandLabeled/LabelHand/Pakistan_65724_LabelHand.tif,0,262143,262143,1,0.0,0.0,NON_WATER
Pakistan_664885,/home/s299259068/Área de Trabalho/Projetos/2026/artigo_llm/sen1floods11/HandLabeled/S1Hand/Pakistan_664885_S1Hand.tif,/home/s299259068/Área de Trabalho/Projetos/2026/artigo_llm/sen1floods11/HandLabeled/LabelHand/Pakistan_664885_LabelHand.tif,2383,70627,73010,189134,0.03263936447062046,3.263936447062046,AMBIGUOUS
Pakistan_667363,/home/s299259068/Área de Trabalho/Projetos/2026/artigo_llm/sen1floods11/HandLabeled/S1Hand/Pakistan_667363_S1Hand.tif,/home/s299259068/Área de Trabalho/Projetos/2026/artigo_llm/sen1floods11/HandLabeled/LabelHand/Pakistan_667363_LabelHand.tif,1219,161265,162484,99660,0.007502277147288348,0.7502277147288348,NON_WATER
Pakistan_694942,/home/s299259068/Área de Trabalho/Projetos/2026/artigo_llm/sen1floods11/HandLabeled/S1Hand/Pakistan_694942_S1Hand.tif,/home/s299259068/Área de Trabalho/Projetos/2026/artigo_llm/sen1floods11/HandLabeled/LabelHand/Pakistan_694942_LabelHand.tif,18481,172963,191444,70700,0.09653475690019013,9.653475690019013,AMBIGUOUS
Pakistan_70625,/home/s299259068/Área de Trabalho/Projetos/2026/artigo_llm/sen1floods11/HandLabeled/S1Hand/Pakistan_70625_S1Hand.tif,/home/s299259068/Área de Trabalho/Projetos/2026/artigo_llm/sen1floods11/HandLabeled/LabelHand/Pakistan_70625_LabelHand.tif,4667,257477,262144,0,0.017803192138671875,1.7803192138671875,AMBIGUOUS
Pakistan_712873,/home/s299259068/Área de Trabalho/Projetos/2026/artigo_llm/sen1floods11/HandLabeled/S1Hand/Pakistan_712873_S1Hand.tif,/home/s299259068/Área de Trabalho/Projetos/2026/artigo_llm/sen1floods11/HandLabeled/LabelHand/Pakistan_712873_LabelHand.tif,1316,118241,119557,142587,0.011007301956389003,1.1007301956389004,AMBIGUOUS
Pakistan_740461,/home/s299259068/Área de Trabalho/Projetos/2026/artigo_llm/sen1floods11/HandLabeled/S1Hand/Pakistan_740461_S1Hand.tif,/home/s299259068/Área de Trabalho/Projetos/2026/artigo_llm/sen1floods11/HandLabeled/LabelHand/Pakistan_740461_LabelHand.tif,0,211456,211456,50688,0.0,0.0,NON_WATER
Pakistan_760290,/home/s299259068/Área de Trabalho/Projetos/2026/artigo_llm/sen1floods11/HandLabeled/S1Hand/Pakistan_760290_S1Hand.tif,/home/s299259068/Área de Trabalho/Projetos/2026/artigo_llm/sen1floods11/HandLabeled/LabelHand/Pakistan_760290_LabelHand.tif,0,233498,233498,28646,0.0,0.0,NON_WATER
Pakistan_849790,/home/s299259068/Área de Trabalho/Projetos/2026/artigo_llm/sen1floods11/HandLabeled/S1Hand/Pakistan_849790_S1Hand.tif,/home/s299259068/Área de Trabalho/Projetos/2026/artigo_llm/sen1floods11/HandLabeled/LabelHand/Pakistan_849790_LabelHand.tif,171908,85331,257239,4905,0.6682812481777647,66.82812481777647,WATER
Pakistan_909806,/home/s299259068/Área de Trabalho/Projetos/2026/artigo_llm/sen1floods11/HandLabeled/S1Hand/Pakistan_909806_S1Hand.tif,/home/s299259068/Área de Trabalho/Projetos/2026/artigo_llm/sen1floods11/HandLabeled/LabelHand/Pakistan_909806_LabelHand.tif,1414,114873,116287,145857,0.012159570717277081,1.2159570717277082,AMBIGUOUS
Pakistan_94095,/home/s299259068/Área de Trabalho/Projetos/2026/artigo_llm/sen1floods11/HandLabeled/S1Hand/Pakistan_94095_S1Hand.tif,/home/s299259068/Área de Trabalho/Projetos/2026/artigo_llm/sen1floods11/HandLabeled/LabelHand/Pakistan_94095_LabelHand.tif,53566,127004,180570,81574,0.296649498809326,29.6649498809326,WATER
Pakistan_9684,/home/s299259068/Área de Trabalho/Projetos/2026/artigo_llm/sen1floods11/HandLabeled/S1Hand/Pakistan_9684_S1Hand.tif,/home/s299259068/Área de Trabalho/Projetos/2026/artigo_llm/sen1floods11/HandLabeled/LabelHand/Pakistan_9684_LabelHand.tif,1196,112354,113550,148594,0.010532804931748128,1.0532804931748128,AMBIGUOUS
Paraguay_1019808,/home/s299259068/Área de Trabalho/Projetos/2026/artigo_llm/sen1floods11/HandLabeled/S1Hand/Paraguay_1019808_S1Hand.tif,/home/s299259068/Área de Trabalho/Projetos/2026/artigo_llm/sen1floods11/HandLabeled/LabelHand/Paraguay_1019808_LabelHand.tif,5170,256974,262144,0,0.01972198486328125,1.972198486328125,AMBIGUOUS
Paraguay_1029042,/home/s299259068/Área de Trabalho/Projetos/2026/artigo_llm/sen1floods11/HandLabeled/S1Hand/Paraguay_1029042_S1Hand.tif,/home/s299259068/Área de Trabalho/Projetos/2026/artigo_llm/sen1floods11/HandLabeled/LabelHand/Paraguay_1029042_LabelHand.tif,61197,161807,223004,39140,0.27442108661728043,27.442108661728042,WATER
Paraguay_1029191,/home/s299259068/Área de Trabalho/Projetos/2026/artigo_llm/sen1floods11/HandLabeled/S1Hand/Paraguay_1029191_S1Hand.tif,/home/s299259068/Área de Trabalho/Projetos/2026/artigo_llm/sen1floods11/HandLabeled/LabelHand/Paraguay_1029191_LabelHand.tif,50336,203601,253937,8207,0.19822239374333003,19.822239374333,WATER
Paraguay_1056717,/home/s299259068/Área de Trabalho/Projetos/2026/artigo_llm/sen1floods11/HandLabeled/S1Hand/Paraguay_1056717_S1Hand.tif,/home/s299259068/Área de Trabalho/Projetos/2026/artigo_llm/sen1floods11/HandLabeled/LabelHand/Paraguay_1056717_LabelHand.tif,5046,257098,262144,0,0.01924896240234375,1.924896240234375,AMBIGUOUS
Paraguay_1076204,/home/s299259068/Área de Trabalho/Projetos/2026/artigo_llm/sen1floods11/HandLabeled/S1Hand/Paraguay_1076204_S1Hand.tif,/home/s299259068/Área de Trabalho/Projetos/2026/artigo_llm/sen1floods11/HandLabeled/LabelHand/Paraguay_1076204_LabelHand.tif,3029,259115,262144,0,0.011554718017578125,1.1554718017578125,AMBIGUOUS
Paraguay_11869,/home/s299259068/Área de Trabalho/Projetos/2026/artigo_llm/sen1floods11/HandLabeled/S1Hand/Paraguay_11869_S1Hand.tif,/home/s299259068/Área de Trabalho/Projetos/2026/artigo_llm/sen1floods11/HandLabeled/LabelHand/Paraguay_11869_LabelHand.tif,222,257711,257933,4211,0.0008606886284422699,0.08606886284422699,NON_WATER
Paraguay_126224,/home/s299259068/Área de Trabalho/Projetos/2026/artigo_llm/sen1floods11/HandLabeled/S1Hand/Paraguay_126224_S1Hand.tif,/home/s299259068/Área de Trabalho/Projetos/2026/artigo_llm/sen1floods11/HandLabeled/LabelHand/Paraguay_126224_LabelHand.tif,144382,117762,262144,0,0.5507736206054688,55.077362060546875,WATER
Paraguay_12870,/home/s299259068/Área de Trabalho/Projetos/2026/artigo_llm/sen1floods11/HandLabeled/S1Hand/Paraguay_12870_S1Hand.tif,/home/s299259068/Área de Trabalho/Projetos/2026/artigo_llm/sen1floods11/HandLabeled/LabelHand/Paraguay_12870_LabelHand.tif,0,262144,262144,0,0.0,0.0,NON_WATER
Paraguay_148318,/home/s299259068/Área de Trabalho/Projetos/2026/artigo_llm/sen1floods11/HandLabeled/S1Hand/Paraguay_148318_S1Hand.tif,/home/s299259068/Área de Trabalho/Projetos/2026/artigo_llm/sen1floods11/HandLabeled/LabelHand/Paraguay_148318_LabelHand.tif,2229,237847,240076,22068,0.009284559889368367,0.9284559889368367,NON_WATER
Paraguay_149787,/home/s299259068/Área de Trabalho/Projetos/2026/artigo_llm/sen1floods11/HandLabeled/S1Hand/Paraguay_149787_S1Hand.tif,/home/s299259068/Área de Trabalho/Projetos/2026/artigo_llm/sen1floods11/HandLabeled/LabelHand/Paraguay_149787_LabelHand.tif,40091,222053,262144,0,0.15293502807617188,15.293502807617188,WATER
Paraguay_149830,/home/s299259068/Área de Trabalho/Projetos/2026/artigo_llm/sen1floods11/HandLabeled/S1Hand/Paraguay_149830_S1Hand.tif,/home/s299259068/Área de Trabalho/Projetos/2026/artigo_llm/sen1floods11/HandLabeled/LabelHand/Paraguay_149830_LabelHand.tif,1907,258533,260440,1704,0.007322223928735985,0.7322223928735985,NON_WATER
Paraguay_153941,/home/s299259068/Área de Trabalho/Projetos/2026/artigo_llm/sen1floods11/HandLabeled/S1Hand/Paraguay_153941_S1Hand.tif,/home/s299259068/Área de Trabalho/Projetos/2026/artigo_llm/sen1floods11/HandLabeled/LabelHand/Paraguay_153941_LabelHand.tif,641,261503,262144,0,0.002445220947265625,0.2445220947265625,NON_WATER
Paraguay_172476,/home/s299259068/Área de Trabalho/Projetos/2026/artigo_llm/sen1floods11/HandLabeled/S1Hand/Paraguay_172476_S1Hand.tif,/home/s299259068/Área de Trabalho/Projetos/2026/artigo_llm/sen1floods11/HandLabeled/LabelHand/Paraguay_172476_LabelHand.tif,2815,259328,262143,1,0.010738413766532007,1.0738413766532007,AMBIGUOUS
Paraguay_179624,/home/s299259068/Área de Trabalho/Projetos/2026/artigo_llm/sen1floods11/HandLabeled/S1Hand/Paraguay_179624_S1Hand.tif,/home/s299259068/Área de Trabalho/Projetos/2026/artigo_llm/sen1floods11/HandLabeled/LabelHand/Paraguay_179624_LabelHand.tif,42,262067,262109,35,0.0001602386793280658,0.01602386793280658,NON_WATER
Paraguay_191503,/home/s299259068/Área de Trabalho/Projetos/2026/artigo_llm/sen1floods11/HandLabeled/S1Hand/Paraguay_191503_S1Hand.tif,/home/s299259068/Área de Trabalho/Projetos/2026/artigo_llm/sen1floods11/HandLabeled/LabelHand/Paraguay_191503_LabelHand.tif,90,262054,262144,0,0.00034332275390625,0.034332275390625,NON_WATER
Paraguay_198534,/home/s299259068/Área de Trabalho/Projetos/2026/artigo_llm/sen1floods11/HandLabeled/S1Hand/Paraguay_198534_S1Hand.tif,/home/s299259068/Área de Trabalho/Projetos/2026/artigo_llm/sen1floods11/HandLabeled/LabelHand/Paraguay_198534_LabelHand.tif,0,195487,195487,66657,0.0,0.0,NON_WATER
Paraguay_205585,/home/s299259068/Área de Trabalho/Projetos/2026/artigo_llm/sen1floods11/HandLabeled/S1Hand/Paraguay_205585_S1Hand.tif,/home/s299259068/Área de Trabalho/Projetos/2026/artigo_llm/sen1floods11/HandLabeled/LabelHand/Paraguay_205585_LabelHand.tif,0,262144,262144,0,0.0,0.0,NON_WATER
Paraguay_212687,/home/s299259068/Área de Trabalho/Projetos/2026/artigo_llm/sen1floods11/HandLabeled/S1Hand/Paraguay_212687_S1Hand.tif,/home/s299259068/Área de Trabalho/Projetos/2026/artigo_llm/sen1floods11/HandLabeled/LabelHand/Paraguay_212687_LabelHand.tif,15308,246836,262144,0,0.0583953857421875,5.83953857421875,AMBIGUOUS
Paraguay_215904,/home/s299259068/Área de Trabalho/Projetos/2026/artigo_llm/sen1floods11/HandLabeled/S1Hand/Paraguay_215904_S1Hand.tif,/home/s299259068/Área de Trabalho/Projetos/2026/artigo_llm/sen1floods11/HandLabeled/LabelHand/Paraguay_215904_LabelHand.tif,0,226308,226308,35836,0.0,0.0,NON_WATER
Paraguay_224845,/home/s299259068/Área de Trabalho/Projetos/2026/artigo_llm/sen1floods11/HandLabeled/S1Hand/Paraguay_224845_S1Hand.tif,/home/s299259068/Área de Trabalho/Projetos/2026/artigo_llm/sen1floods11/HandLabeled/LabelHand/Paraguay_224845_LabelHand.tif,0,103920,103920,158224,0.0,0.0,NON_WATER
Paraguay_225187,/home/s299259068/Área de Trabalho/Projetos/2026/artigo_llm/sen1floods11/HandLabeled/S1Hand/Paraguay_225187_S1Hand.tif,/home/s299259068/Área de Trabalho/Projetos/2026/artigo_llm/sen1floods11/HandLabeled/LabelHand/Paraguay_225187_LabelHand.tif,47,262097,262144,0,0.000179290771484375,0.0179290771484375,NON_WATER
Paraguay_232281,/home/s299259068/Área de Trabalho/Projetos/2026/artigo_llm/sen1floods11/HandLabeled/S1Hand/Paraguay_232281_S1Hand.tif,/home/s299259068/Área de Trabalho/Projetos/2026/artigo_llm/sen1floods11/HandLabeled/LabelHand/Paraguay_232281_LabelHand.tif,29477,232667,262144,0,0.11244583129882812,11.244583129882812,WATER
Paraguay_24341,/home/s299259068/Área de Trabalho/Projetos/2026/artigo_llm/sen1floods11/HandLabeled/S1Hand/Paraguay_24341_S1Hand.tif,/home/s299259068/Área de Trabalho/Projetos/2026/artigo_llm/sen1floods11/HandLabeled/LabelHand/Paraguay_24341_LabelHand.tif,68353,193791,262144,0,0.2607460021972656,26.074600219726562,WATER
Paraguay_246154,/home/s299259068/Área de Trabalho/Projetos/2026/artigo_llm/sen1floods11/HandLabeled/S1Hand/Paraguay_246154_S1Hand.tif,/home/s299259068/Área de Trabalho/Projetos/2026/artigo_llm/sen1floods11/HandLabeled/LabelHand/Paraguay_246154_LabelHand.tif,36,262108,262144,0,0.0001373291015625,0.01373291015625,NON_WATER
Paraguay_247656,/home/s299259068/Área de Trabalho/Projetos/2026/artigo_llm/sen1floods11/HandLabeled/S1Hand/Paraguay_247656_S1Hand.tif,/home/s299259068/Área de Trabalho/Projetos/2026/artigo_llm/sen1floods11/HandLabeled/LabelHand/Paraguay_247656_LabelHand.tif,20976,241168,262144,0,0.08001708984375,8.001708984375,AMBIGUOUS
Paraguay_252217,/home/s299259068/Área de Trabalho/Projetos/2026/artigo_llm/sen1floods11/HandLabeled/S1Hand/Paraguay_252217_S1Hand.tif,/home/s299259068/Área de Trabalho/Projetos/2026/artigo_llm/sen1floods11/HandLabeled/LabelHand/Paraguay_252217_LabelHand.tif,300,255478,255778,6366,0.0011728921173830432,0.11728921173830432,NON_WATER
Paraguay_271769,/home/s299259068/Área de Trabalho/Projetos/2026/artigo_llm/sen1floods11/HandLabeled/S1Hand/Paraguay_271769_S1Hand.tif,/home/s299259068/Área de Trabalho/Projetos/2026/artigo_llm/sen1floods11/HandLabeled/LabelHand/Paraguay_271769_LabelHand.tif,2613,259531,262144,0,0.009967803955078125,0.9967803955078125,NON_WATER
Paraguay_280900,/home/s299259068/Área de Trabalho/Projetos/2026/artigo_llm/sen1floods11/HandLabeled/S1Hand/Paraguay_280900_S1Hand.tif,/home/s299259068/Área de Trabalho/Projetos/2026/artigo_llm/sen1floods11/HandLabeled/LabelHand/Paraguay_280900_LabelHand.tif,6585,255557,262142,2,0.025119973144326357,2.5119973144326355,AMBIGUOUS
Paraguay_284928,/home/s299259068/Área de Trabalho/Projetos/2026/artigo_llm/sen1floods11/HandLabeled/S1Hand/Paraguay_284928_S1Hand.tif,/home/s299259068/Área de Trabalho/Projetos/2026/artigo_llm/sen1floods11/HandLabeled/LabelHand/Paraguay_284928_LabelHand.tif,0,262144,262144,0,0.0,0.0,NON_WATER
Paraguay_305760,/home/s299259068/Área de Trabalho/Projetos/2026/artigo_llm/sen1floods11/HandLabeled/S1Hand/Paraguay_305760_S1Hand.tif,/home/s299259068/Área de Trabalho/Projetos/2026/artigo_llm/sen1floods11/HandLabeled/LabelHand/Paraguay_305760_LabelHand.tif,43791,218353,262144,0,0.16704940795898438,16.704940795898438,WATER
Paraguay_339807,/home/s299259068/Área de Trabalho/Projetos/2026/artigo_llm/sen1floods11/HandLabeled/S1Hand/Paraguay_339807_S1Hand.tif,/home/s299259068/Área de Trabalho/Projetos/2026/artigo_llm/sen1floods11/HandLabeled/LabelHand/Paraguay_339807_LabelHand.tif,58043,156576,214619,47525,0.27044669856816034,27.044669856816032,WATER
Paraguay_34417,/home/s299259068/Área de Trabalho/Projetos/2026/artigo_llm/sen1floods11/HandLabeled/S1Hand/Paraguay_34417_S1Hand.tif,/home/s299259068/Área de Trabalho/Projetos/2026/artigo_llm/sen1floods11/HandLabeled/LabelHand/Paraguay_34417_LabelHand.tif,50026,0,50026,212118,1.0,100.0,WATER
Paraguay_36015,/home/s299259068/Área de Trabalho/Projetos/2026/artigo_llm/sen1floods11/HandLabeled/S1Hand/Paraguay_36015_S1Hand.tif,/home/s299259068/Área de Trabalho/Projetos/2026/artigo_llm/sen1floods11/HandLabeled/LabelHand/Paraguay_36015_LabelHand.tif,0,262139,262139,5,0.0,0.0,NON_WATER
Paraguay_36146,/home/s299259068/Área de Trabalho/Projetos/2026/artigo_llm/sen1floods11/HandLabeled/S1Hand/Paraguay_36146_S1Hand.tif,/home/s299259068/Área de Trabalho/Projetos/2026/artigo_llm/sen1floods11/HandLabeled/LabelHand/Paraguay_36146_LabelHand.tif,0,262144,262144,0,0.0,0.0,NON_WATER
Paraguay_403081,/home/s299259068/Área de Trabalho/Projetos/2026/artigo_llm/sen1floods11/HandLabeled/S1Hand/Paraguay_403081_S1Hand.tif,/home/s299259068/Área de Trabalho/Projetos/2026/artigo_llm/sen1floods11/HandLabeled/LabelHand/Paraguay_403081_LabelHand.tif,1202,248634,249836,12308,0.0048111561184136795,0.481115611841368,NON_WATER
Paraguay_40936,/home/s299259068/Área de Trabalho/Projetos/2026/artigo_llm/sen1floods11/HandLabeled/S1Hand/Paraguay_40936_S1Hand.tif,/home/s299259068/Área de Trabalho/Projetos/2026/artigo_llm/sen1floods11/HandLabeled/LabelHand/Paraguay_40936_LabelHand.tif,0,215331,215331,46813,0.0,0.0,NON_WATER
Paraguay_44682,/home/s299259068/Área de Trabalho/Projetos/2026/artigo_llm/sen1floods11/HandLabeled/S1Hand/Paraguay_44682_S1Hand.tif,/home/s299259068/Área de Trabalho/Projetos/2026/artigo_llm/sen1floods11/HandLabeled/LabelHand/Paraguay_44682_LabelHand.tif,1309,260835,262144,0,0.004993438720703125,0.4993438720703125,NON_WATER
Paraguay_470303,/home/s299259068/Área de Trabalho/Projetos/2026/artigo_llm/sen1floods11/HandLabeled/S1Hand/Paraguay_470303_S1Hand.tif,/home/s299259068/Área de Trabalho/Projetos/2026/artigo_llm/sen1floods11/HandLabeled/LabelHand/Paraguay_470303_LabelHand.tif,10446,251698,262144,0,0.03984832763671875,3.984832763671875,AMBIGUOUS
Paraguay_482517,/home/s299259068/Área de Trabalho/Projetos/2026/artigo_llm/sen1floods11/HandLabeled/S1Hand/Paraguay_482517_S1Hand.tif,/home/s299259068/Área de Trabalho/Projetos/2026/artigo_llm/sen1floods11/HandLabeled/LabelHand/Paraguay_482517_LabelHand.tif,47452,212148,259600,2544,0.182788906009245,18.2788906009245,WATER
Paraguay_48673,/home/s299259068/Área de Trabalho/Projetos/2026/artigo_llm/sen1floods11/HandLabeled/S1Hand/Paraguay_48673_S1Hand.tif,/home/s299259068/Área de Trabalho/Projetos/2026/artigo_llm/sen1floods11/HandLabeled/LabelHand/Paraguay_48673_LabelHand.tif,133,262011,262144,0,0.000507354736328125,0.0507354736328125,NON_WATER
Paraguay_511199,/home/s299259068/Área de Trabalho/Projetos/2026/artigo_llm/sen1floods11/HandLabeled/S1Hand/Paraguay_511199_S1Hand.tif,/home/s299259068/Área de Trabalho/Projetos/2026/artigo_llm/sen1floods11/HandLabeled/LabelHand/Paraguay_511199_LabelHand.tif,11544,250600,262144,0,0.044036865234375,4.4036865234375,AMBIGUOUS
Paraguay_54421,/home/s299259068/Área de Trabalho/Projetos/2026/artigo_llm/sen1floods11/HandLabeled/S1Hand/Paraguay_54421_S1Hand.tif,/home/s299259068/Área de Trabalho/Projetos/2026/artigo_llm/sen1floods11/HandLabeled/LabelHand/Paraguay_54421_LabelHand.tif,40,262104,262144,0,0.000152587890625,0.0152587890625,NON_WATER
Paraguay_581976,/home/s299259068/Área de Trabalho/Projetos/2026/artigo_llm/sen1floods11/HandLabeled/S1Hand/Paraguay_581976_S1Hand.tif,/home/s299259068/Área de Trabalho/Projetos/2026/artigo_llm/sen1floods11/HandLabeled/LabelHand/Paraguay_581976_LabelHand.tif,148808,113336,262144,0,0.567657470703125,56.7657470703125,WATER
Paraguay_59731,/home/s299259068/Área de Trabalho/Projetos/2026/artigo_llm/sen1floods11/HandLabeled/S1Hand/Paraguay_59731_S1Hand.tif,/home/s299259068/Área de Trabalho/Projetos/2026/artigo_llm/sen1floods11/HandLabeled/LabelHand/Paraguay_59731_LabelHand.tif,2770,252886,255656,6488,0.010834871859060612,1.0834871859060613,AMBIGUOUS
Paraguay_605682,/home/s299259068/Área de Trabalho/Projetos/2026/artigo_llm/sen1floods11/HandLabeled/S1Hand/Paraguay_605682_S1Hand.tif,/home/s299259068/Área de Trabalho/Projetos/2026/artigo_llm/sen1floods11/HandLabeled/LabelHand/Paraguay_605682_LabelHand.tif,75440,186704,262144,0,0.28778076171875,28.778076171875,WATER
Paraguay_62897,/home/s299259068/Área de Trabalho/Projetos/2026/artigo_llm/sen1floods11/HandLabeled/S1Hand/Paraguay_62897_S1Hand.tif,/home/s299259068/Área de Trabalho/Projetos/2026/artigo_llm/sen1floods11/HandLabeled/LabelHand/Paraguay_62897_LabelHand.tif,41142,221002,262144,0,0.15694427490234375,15.694427490234375,WATER
Paraguay_648632,/home/s299259068/Área de Trabalho/Projetos/2026/artigo_llm/sen1floods11/HandLabeled/S1Hand/Paraguay_648632_S1Hand.tif,/home/s299259068/Área de Trabalho/Projetos/2026/artigo_llm/sen1floods11/HandLabeled/LabelHand/Paraguay_648632_LabelHand.tif,18394,243750,262144,0,0.07016754150390625,7.016754150390625,AMBIGUOUS
Paraguay_651904,/home/s299259068/Área de Trabalho/Projetos/2026/artigo_llm/sen1floods11/HandLabeled/S1Hand/Paraguay_651904_S1Hand.tif,/home/s299259068/Área de Trabalho/Projetos/2026/artigo_llm/sen1floods11/HandLabeled/LabelHand/Paraguay_651904_LabelHand.tif,27156,234988,262144,0,0.1035919189453125,10.35919189453125,WATER
Paraguay_657443,/home/s299259068/Área de Trabalho/Projetos/2026/artigo_llm/sen1floods11/HandLabeled/S1Hand/Paraguay_657443_S1Hand.tif,/home/s299259068/Área de Trabalho/Projetos/2026/artigo_llm/sen1floods11/HandLabeled/LabelHand/Paraguay_657443_LabelHand.tif,64974,197170,262144,0,0.24785614013671875,24.785614013671875,WATER
Paraguay_683296,/home/s299259068/Área de Trabalho/Projetos/2026/artigo_llm/sen1floods11/HandLabeled/S1Hand/Paraguay_683296_S1Hand.tif,/home/s299259068/Área de Trabalho/Projetos/2026/artigo_llm/sen1floods11/HandLabeled/LabelHand/Paraguay_683296_LabelHand.tif,7409,252169,259578,2566,0.02854248048756058,2.854248048756058,AMBIGUOUS
Paraguay_721886,/home/s299259068/Área de Trabalho/Projetos/2026/artigo_llm/sen1floods11/HandLabeled/S1Hand/Paraguay_721886_S1Hand.tif,/home/s299259068/Área de Trabalho/Projetos/2026/artigo_llm/sen1floods11/HandLabeled/LabelHand/Paraguay_721886_LabelHand.tif,10934,251210,262144,0,0.04170989990234375,4.170989990234375,AMBIGUOUS
Paraguay_76868,/home/s299259068/Área de Trabalho/Projetos/2026/artigo_llm/sen1floods11/HandLabeled/S1Hand/Paraguay_76868_S1Hand.tif,/home/s299259068/Área de Trabalho/Projetos/2026/artigo_llm/sen1floods11/HandLabeled/LabelHand/Paraguay_76868_LabelHand.tif,17683,244438,262121,23,0.0674612106622514,6.74612106622514,AMBIGUOUS
Paraguay_7894,/home/s299259068/Área de Trabalho/Projetos/2026/artigo_llm/sen1floods11/HandLabeled/S1Hand/Paraguay_7894_S1Hand.tif,/home/s299259068/Área de Trabalho/Projetos/2026/artigo_llm/sen1floods11/HandLabeled/LabelHand/Paraguay_7894_LabelHand.tif,0,202187,202187,59957,0.0,0.0,NON_WATER
Paraguay_790830,/home/s299259068/Área de Trabalho/Projetos/2026/artigo_llm/sen1floods11/HandLabeled/S1Hand/Paraguay_790830_S1Hand.tif,/home/s299259068/Área de Trabalho/Projetos/2026/artigo_llm/sen1floods11/HandLabeled/LabelHand/Paraguay_790830_LabelHand.tif,31947,229252,261199,945,0.12230904406219013,12.230904406219013,WATER
Paraguay_791364,/home/s299259068/Área de Trabalho/Projetos/2026/artigo_llm/sen1floods11/HandLabeled/S1Hand/Paraguay_791364_S1Hand.tif,/home/s299259068/Área de Trabalho/Projetos/2026/artigo_llm/sen1floods11/HandLabeled/LabelHand/Paraguay_791364_LabelHand.tif,1206,260529,261735,409,0.0046077139091065394,0.46077139091065394,NON_WATER
Paraguay_792268,/home/s299259068/Área de Trabalho/Projetos/2026/artigo_llm/sen1floods11/HandLabeled/S1Hand/Paraguay_792268_S1Hand.tif,/home/s299259068/Área de Trabalho/Projetos/2026/artigo_llm/sen1floods11/HandLabeled/LabelHand/Paraguay_792268_LabelHand.tif,1346,260774,262120,24,0.005135052647642301,0.5135052647642301,NON_WATER
Paraguay_795075,/home/s299259068/Área de Trabalho/Projetos/2026/artigo_llm/sen1floods11/HandLabeled/S1Hand/Paraguay_795075_S1Hand.tif,/home/s299259068/Área de Trabalho/Projetos/2026/artigo_llm/sen1floods11/HandLabeled/LabelHand/Paraguay_795075_LabelHand.tif,3421,258717,262138,6,0.01305037804515179,1.305037804515179,AMBIGUOUS
Paraguay_80102,/home/s299259068/Área de Trabalho/Projetos/2026/artigo_llm/sen1floods11/HandLabeled/S1Hand/Paraguay_80102_S1Hand.tif,/home/s299259068/Área de Trabalho/Projetos/2026/artigo_llm/sen1floods11/HandLabeled/LabelHand/Paraguay_80102_LabelHand.tif,22,262121,262143,1,8.392365998710627e-05,0.008392365998710627,NON_WATER
Paraguay_822142,/home/s299259068/Área de Trabalho/Projetos/2026/artigo_llm/sen1floods11/HandLabeled/S1Hand/Paraguay_822142_S1Hand.tif,/home/s299259068/Área de Trabalho/Projetos/2026/artigo_llm/sen1floods11/HandLabeled/LabelHand/Paraguay_822142_LabelHand.tif,80190,181954,262144,0,0.30590057373046875,30.590057373046875,WATER
Paraguay_868895,/home/s299259068/Área de Trabalho/Projetos/2026/artigo_llm/sen1floods11/HandLabeled/S1Hand/Paraguay_868895_S1Hand.tif,/home/s299259068/Área de Trabalho/Projetos/2026/artigo_llm/sen1floods11/HandLabeled/LabelHand/Paraguay_868895_LabelHand.tif,15787,159678,175465,86679,0.08997235915994643,8.997235915994644,AMBIGUOUS
Paraguay_892933,/home/s299259068/Área de Trabalho/Projetos/2026/artigo_llm/sen1floods11/HandLabeled/S1Hand/Paraguay_892933_S1Hand.tif,/home/s299259068/Área de Trabalho/Projetos/2026/artigo_llm/sen1floods11/HandLabeled/LabelHand/Paraguay_892933_LabelHand.tif,26570,235574,262144,0,0.10135650634765625,10.135650634765625,WATER
Paraguay_896458,/home/s299259068/Área de Trabalho/Projetos/2026/artigo_llm/sen1floods11/HandLabeled/S1Hand/Paraguay_896458_S1Hand.tif,/home/s299259068/Área de Trabalho/Projetos/2026/artigo_llm/sen1floods11/HandLabeled/LabelHand/Paraguay_896458_LabelHand.tif,49299,191379,240678,21466,0.2048338443895994,20.483384438959938,WATER
Paraguay_913449,/home/s299259068/Área de Trabalho/Projetos/2026/artigo_llm/sen1floods11/HandLabeled/S1Hand/Paraguay_913449_S1Hand.tif,/home/s299259068/Área de Trabalho/Projetos/2026/artigo_llm/sen1floods11/HandLabeled/LabelHand/Paraguay_913449_LabelHand.tif,5517,256627,262144,0,0.021045684814453125,2.1045684814453125,AMBIGUOUS
Paraguay_921838,/home/s299259068/Área de Trabalho/Projetos/2026/artigo_llm/sen1floods11/HandLabeled/S1Hand/Paraguay_921838_S1Hand.tif,/home/s299259068/Área de Trabalho/Projetos/2026/artigo_llm/sen1floods11/HandLabeled/LabelHand/Paraguay_921838_LabelHand.tif,7350,254794,262144,0,0.02803802490234375,2.803802490234375,AMBIGUOUS
Paraguay_934240,/home/s299259068/Área de Trabalho/Projetos/2026/artigo_llm/sen1floods11/HandLabeled/S1Hand/Paraguay_934240_S1Hand.tif,/home/s299259068/Área de Trabalho/Projetos/2026/artigo_llm/sen1floods11/HandLabeled/LabelHand/Paraguay_934240_LabelHand.tif,20358,241786,262144,0,0.07765960693359375,7.765960693359375,AMBIGUOUS
Paraguay_989230,/home/s299259068/Área de Trabalho/Projetos/2026/artigo_llm/sen1floods11/HandLabeled/S1Hand/Paraguay_989230_S1Hand.tif,/home/s299259068/Área de Trabalho/Projetos/2026/artigo_llm/sen1floods11/HandLabeled/LabelHand/Paraguay_989230_LabelHand.tif,36591,183333,219924,42220,0.16638020407049708,16.63802040704971,WATER
Paraguay_997480,/home/s299259068/Área de Trabalho/Projetos/2026/artigo_llm/sen1floods11/HandLabeled/S1Hand/Paraguay_997480_S1Hand.tif,/home/s299259068/Área de Trabalho/Projetos/2026/artigo_llm/sen1floods11/HandLabeled/LabelHand/Paraguay_997480_LabelHand.tif,19947,242197,262144,0,0.07609176635742188,7.6091766357421875,AMBIGUOUS
Somalia_1068756,/home/s299259068/Área de Trabalho/Projetos/2026/artigo_llm/sen1floods11/HandLabeled/S1Hand/Somalia_1068756_S1Hand.tif,/home/s299259068/Área de Trabalho/Projetos/2026/artigo_llm/sen1floods11/HandLabeled/LabelHand/Somalia_1068756_LabelHand.tif,6495,165478,171973,90171,0.03776755653503747,3.776755653503747,AMBIGUOUS
Somalia_1087508,/home/s299259068/Área de Trabalho/Projetos/2026/artigo_llm/sen1floods11/HandLabeled/S1Hand/Somalia_1087508_S1Hand.tif,/home/s299259068/Área de Trabalho/Projetos/2026/artigo_llm/sen1floods11/HandLabeled/LabelHand/Somalia_1087508_LabelHand.tif,10021,202922,212943,49201,0.04705954175530541,4.705954175530541,AMBIGUOUS
Somalia_12849,/home/s299259068/Área de Trabalho/Projetos/2026/artigo_llm/sen1floods11/HandLabeled/S1Hand/Somalia_12849_S1Hand.tif,/home/s299259068/Área de Trabalho/Projetos/2026/artigo_llm/sen1floods11/HandLabeled/LabelHand/Somalia_12849_LabelHand.tif,37192,154110,191302,70842,0.19441511327639022,19.44151132763902,WATER
Somalia_166342,/home/s299259068/Área de Trabalho/Projetos/2026/artigo_llm/sen1floods11/HandLabeled/S1Hand/Somalia_166342_S1Hand.tif,/home/s299259068/Área de Trabalho/Projetos/2026/artigo_llm/sen1floods11/HandLabeled/LabelHand/Somalia_166342_LabelHand.tif,12,220565,220577,41567,5.4402770914465245e-05,0.005440277091446524,NON_WATER
Somalia_167787,/home/s299259068/Área de Trabalho/Projetos/2026/artigo_llm/sen1floods11/HandLabeled/S1Hand/Somalia_167787_S1Hand.tif,/home/s299259068/Área de Trabalho/Projetos/2026/artigo_llm/sen1floods11/HandLabeled/LabelHand/Somalia_167787_LabelHand.tif,225,220280,220505,41639,0.0010203850252828734,0.10203850252828733,NON_WATER
Somalia_195014,/home/s299259068/Área de Trabalho/Projetos/2026/artigo_llm/sen1floods11/HandLabeled/S1Hand/Somalia_195014_S1Hand.tif,/home/s299259068/Área de Trabalho/Projetos/2026/artigo_llm/sen1floods11/HandLabeled/LabelHand/Somalia_195014_LabelHand.tif,0,233650,233650,28494,0.0,0.0,NON_WATER
Somalia_205466,/home/s299259068/Área de Trabalho/Projetos/2026/artigo_llm/sen1floods11/HandLabeled/S1Hand/Somalia_205466_S1Hand.tif,/home/s299259068/Área de Trabalho/Projetos/2026/artigo_llm/sen1floods11/HandLabeled/LabelHand/Somalia_205466_LabelHand.tif,93,239990,240083,22061,0.00038736603591258025,0.03873660359125802,NON_WATER
Somalia_230192,/home/s299259068/Área de Trabalho/Projetos/2026/artigo_llm/sen1floods11/HandLabeled/S1Hand/Somalia_230192_S1Hand.tif,/home/s299259068/Área de Trabalho/Projetos/2026/artigo_llm/sen1floods11/HandLabeled/LabelHand/Somalia_230192_LabelHand.tif,58,232464,232522,29622,0.0002494387627837366,0.02494387627837366,NON_WATER
Somalia_256539,/home/s299259068/Área de Trabalho/Projetos/2026/artigo_llm/sen1floods11/HandLabeled/S1Hand/Somalia_256539_S1Hand.tif,/home/s299259068/Área de Trabalho/Projetos/2026/artigo_llm/sen1floods11/HandLabeled/LabelHand/Somalia_256539_LabelHand.tif,23,221236,221259,40885,0.00010395057376197126,0.010395057376197126,NON_WATER
Somalia_295782,/home/s299259068/Área de Trabalho/Projetos/2026/artigo_llm/sen1floods11/HandLabeled/S1Hand/Somalia_295782_S1Hand.tif,/home/s299259068/Área de Trabalho/Projetos/2026/artigo_llm/sen1floods11/HandLabeled/LabelHand/Somalia_295782_LabelHand.tif,16239,186809,203048,59096,0.0799761632717387,7.99761632717387,AMBIGUOUS
Somalia_322855,/home/s299259068/Área de Trabalho/Projetos/2026/artigo_llm/sen1floods11/HandLabeled/S1Hand/Somalia_322855_S1Hand.tif,/home/s299259068/Área de Trabalho/Projetos/2026/artigo_llm/sen1floods11/HandLabeled/LabelHand/Somalia_322855_LabelHand.tif,44737,210307,255044,7100,0.17540894904408652,17.540894904408653,WATER
Somalia_32375,/home/s299259068/Área de Trabalho/Projetos/2026/artigo_llm/sen1floods11/HandLabeled/S1Hand/Somalia_32375_S1Hand.tif,/home/s299259068/Área de Trabalho/Projetos/2026/artigo_llm/sen1floods11/HandLabeled/LabelHand/Somalia_32375_LabelHand.tif,1,134095,134096,128048,7.45734399236368e-06,0.000745734399236368,NON_WATER
Somalia_371421,/home/s299259068/Área de Trabalho/Projetos/2026/artigo_llm/sen1floods11/HandLabeled/S1Hand/Somalia_371421_S1Hand.tif,/home/s299259068/Área de Trabalho/Projetos/2026/artigo_llm/sen1floods11/HandLabeled/LabelHand/Somalia_371421_LabelHand.tif,34678,196284,230962,31182,0.15014591144863657,15.014591144863656,WATER
Somalia_60129,/home/s299259068/Área de Trabalho/Projetos/2026/artigo_llm/sen1floods11/HandLabeled/S1Hand/Somalia_60129_S1Hand.tif,/home/s299259068/Área de Trabalho/Projetos/2026/artigo_llm/sen1floods11/HandLabeled/LabelHand/Somalia_60129_LabelHand.tif,677,221639,222316,39828,0.0030452149193040535,0.30452149193040534,NON_WATER
Somalia_61368,/home/s299259068/Área de Trabalho/Projetos/2026/artigo_llm/sen1floods11/HandLabeled/S1Hand/Somalia_61368_S1Hand.tif,/home/s299259068/Área de Trabalho/Projetos/2026/artigo_llm/sen1floods11/HandLabeled/LabelHand/Somalia_61368_LabelHand.tif,0,212969,212969,49175,0.0,0.0,NON_WATER
Somalia_626316,/home/s299259068/Área de Trabalho/Projetos/2026/artigo_llm/sen1floods11/HandLabeled/S1Hand/Somalia_626316_S1Hand.tif,/home/s299259068/Área de Trabalho/Projetos/2026/artigo_llm/sen1floods11/HandLabeled/LabelHand/Somalia_626316_LabelHand.tif,21727,147358,169085,93059,0.12849750125676435,12.849750125676435,WATER
Somalia_649376,/home/s299259068/Área de Trabalho/Projetos/2026/artigo_llm/sen1floods11/HandLabeled/S1Hand/Somalia_649376_S1Hand.tif,/home/s299259068/Área de Trabalho/Projetos/2026/artigo_llm/sen1floods11/HandLabeled/LabelHand/Somalia_649376_LabelHand.tif,5187,208742,213929,48215,0.024246362110793767,2.4246362110793767,AMBIGUOUS
Somalia_685158,/home/s299259068/Área de Trabalho/Projetos/2026/artigo_llm/sen1floods11/HandLabeled/S1Hand/Somalia_685158_S1Hand.tif,/home/s299259068/Área de Trabalho/Projetos/2026/artigo_llm/sen1floods11/HandLabeled/LabelHand/Somalia_685158_LabelHand.tif,25254,158918,184172,77972,0.13712182090654387,13.712182090654387,WATER
Somalia_699062,/home/s299259068/Área de Trabalho/Projetos/2026/artigo_llm/sen1floods11/HandLabeled/S1Hand/Somalia_699062_S1Hand.tif,/home/s299259068/Área de Trabalho/Projetos/2026/artigo_llm/sen1floods11/HandLabeled/LabelHand/Somalia_699062_LabelHand.tif,3290,199919,203209,58935,0.016190227795028763,1.6190227795028762,AMBIGUOUS
Somalia_7931,/home/s299259068/Área de Trabalho/Projetos/2026/artigo_llm/sen1floods11/HandLabeled/S1Hand/Somalia_7931_S1Hand.tif,/home/s299259068/Área de Trabalho/Projetos/2026/artigo_llm/sen1floods11/HandLabeled/LabelHand/Somalia_7931_LabelHand.tif,0,201972,201972,60172,0.0,0.0,NON_WATER
Somalia_886726,/home/s299259068/Área de Trabalho/Projetos/2026/artigo_llm/sen1floods11/HandLabeled/S1Hand/Somalia_886726_S1Hand.tif,/home/s299259068/Área de Trabalho/Projetos/2026/artigo_llm/sen1floods11/HandLabeled/LabelHand/Somalia_886726_LabelHand.tif,82995,179041,262036,108,0.31673128883054236,31.673128883054236,WATER
Somalia_93023,/home/s299259068/Área de Trabalho/Projetos/2026/artigo_llm/sen1floods11/HandLabeled/S1Hand/Somalia_93023_S1Hand.tif,/home/s299259068/Área de Trabalho/Projetos/2026/artigo_llm/sen1floods11/HandLabeled/LabelHand/Somalia_93023_LabelHand.tif,0,187825,187825,74319,0.0,0.0,NON_WATER
Somalia_94102,/home/s299259068/Área de Trabalho/Projetos/2026/artigo_llm/sen1floods11/HandLabeled/S1Hand/Somalia_94102_S1Hand.tif,/home/s299259068/Área de Trabalho/Projetos/2026/artigo_llm/sen1floods11/HandLabeled/LabelHand/Somalia_94102_LabelHand.tif,12694,228666,241360,20784,0.052593636062313556,5.259363606231355,AMBIGUOUS
Somalia_970508,/home/s299259068/Área de Trabalho/Projetos/2026/artigo_llm/sen1floods11/HandLabeled/S1Hand/Somalia_970508_S1Hand.tif,/home/s299259068/Área de Trabalho/Projetos/2026/artigo_llm/sen1floods11/HandLabeled/LabelHand/Somalia_970508_LabelHand.tif,38112,179007,217119,45025,0.17553507523523967,17.55350752352397,WATER
Somalia_989553,/home/s299259068/Área de Trabalho/Projetos/2026/artigo_llm/sen1floods11/HandLabeled/S1Hand/Somalia_989553_S1Hand.tif,/home/s299259068/Área de Trabalho/Projetos/2026/artigo_llm/sen1floods11/HandLabeled/LabelHand/Somalia_989553_LabelHand.tif,2307,107996,110303,151841,0.02091511563602078,2.091511563602078,AMBIGUOUS
Somalia_992457,/home/s299259068/Área de Trabalho/Projetos/2026/artigo_llm/sen1floods11/HandLabeled/S1Hand/Somalia_992457_S1Hand.tif,/home/s299259068/Área de Trabalho/Projetos/2026/artigo_llm/sen1floods11/HandLabeled/LabelHand/Somalia_992457_LabelHand.tif,7852,173288,181140,81004,0.04334768687203268,4.334768687203268,AMBIGUOUS
Spain_1167260,/home/s299259068/Área de Trabalho/Projetos/2026/artigo_llm/sen1floods11/HandLabeled/S1Hand/Spain_1167260_S1Hand.tif,/home/s299259068/Área de Trabalho/Projetos/2026/artigo_llm/sen1floods11/HandLabeled/LabelHand/Spain_1167260_LabelHand.tif,42519,219600,262119,25,0.1622125828345141,16.22125828345141,WATER
Spain_1199913,/home/s299259068/Área de Trabalho/Projetos/2026/artigo_llm/sen1floods11/HandLabeled/S1Hand/Spain_1199913_S1Hand.tif,/home/s299259068/Área de Trabalho/Projetos/2026/artigo_llm/sen1floods11/HandLabeled/LabelHand/Spain_1199913_LabelHand.tif,10090,252053,262143,1,0.03849044223954101,3.849044223954101,AMBIGUOUS
Spain_2472849,/home/s299259068/Área de Trabalho/Projetos/2026/artigo_llm/sen1floods11/HandLabeled/S1Hand/Spain_2472849_S1Hand.tif,/home/s299259068/Área de Trabalho/Projetos/2026/artigo_llm/sen1floods11/HandLabeled/LabelHand/Spain_2472849_LabelHand.tif,20,261739,261759,385,7.640615986460829e-05,0.007640615986460829,NON_WATER
Spain_2523247,/home/s299259068/Área de Trabalho/Projetos/2026/artigo_llm/sen1floods11/HandLabeled/S1Hand/Spain_2523247_S1Hand.tif,/home/s299259068/Área de Trabalho/Projetos/2026/artigo_llm/sen1floods11/HandLabeled/LabelHand/Spain_2523247_LabelHand.tif,2429,259610,262039,105,0.009269612538591585,0.9269612538591585,NON_WATER
Spain_2594119,/home/s299259068/Área de Trabalho/Projetos/2026/artigo_llm/sen1floods11/HandLabeled/S1Hand/Spain_2594119_S1Hand.tif,/home/s299259068/Área de Trabalho/Projetos/2026/artigo_llm/sen1floods11/HandLabeled/LabelHand/Spain_2594119_LabelHand.tif,2877,259132,262009,135,0.010980538836452183,1.0980538836452183,AMBIGUOUS
Spain_2938657,/home/s299259068/Área de Trabalho/Projetos/2026/artigo_llm/sen1floods11/HandLabeled/S1Hand/Spain_2938657_S1Hand.tif,/home/s299259068/Área de Trabalho/Projetos/2026/artigo_llm/sen1floods11/HandLabeled/LabelHand/Spain_2938657_LabelHand.tif,9772,252302,262074,70,0.037287178430519624,3.7287178430519625,AMBIGUOUS
Spain_3285448,/home/s299259068/Área de Trabalho/Projetos/2026/artigo_llm/sen1floods11/HandLabeled/S1Hand/Spain_3285448_S1Hand.tif,/home/s299259068/Área de Trabalho/Projetos/2026/artigo_llm/sen1floods11/HandLabeled/LabelHand/Spain_3285448_LabelHand.tif,56389,205747,262136,8,0.2151135288552507,21.51135288552507,WATER
Spain_337094,/home/s299259068/Área de Trabalho/Projetos/2026/artigo_llm/sen1floods11/HandLabeled/S1Hand/Spain_337094_S1Hand.tif,/home/s299259068/Área de Trabalho/Projetos/2026/artigo_llm/sen1floods11/HandLabeled/LabelHand/Spain_337094_LabelHand.tif,26075,235981,262056,88,0.09950163323869707,9.950163323869706,AMBIGUOUS
Spain_4282030,/home/s299259068/Área de Trabalho/Projetos/2026/artigo_llm/sen1floods11/HandLabeled/S1Hand/Spain_4282030_S1Hand.tif,/home/s299259068/Área de Trabalho/Projetos/2026/artigo_llm/sen1floods11/HandLabeled/LabelHand/Spain_4282030_LabelHand.tif,98131,163992,262123,21,0.374370047649386,37.4370047649386,WATER
Spain_4915752,/home/s299259068/Área de Trabalho/Projetos/2026/artigo_llm/sen1floods11/HandLabeled/S1Hand/Spain_4915752_S1Hand.tif,/home/s299259068/Área de Trabalho/Projetos/2026/artigo_llm/sen1floods11/HandLabeled/LabelHand/Spain_4915752_LabelHand.tif,7664,254464,262128,16,0.0292376243667216,2.92376243667216,AMBIGUOUS
Spain_5650136,/home/s299259068/Área de Trabalho/Projetos/2026/artigo_llm/sen1floods11/HandLabeled/S1Hand/Spain_5650136_S1Hand.tif,/home/s299259068/Área de Trabalho/Projetos/2026/artigo_llm/sen1floods11/HandLabeled/LabelHand/Spain_5650136_LabelHand.tif,104207,67389,171596,90548,0.6072810555024593,60.72810555024593,WATER
Spain_5678382,/home/s299259068/Área de Trabalho/Projetos/2026/artigo_llm/sen1floods11/HandLabeled/S1Hand/Spain_5678382_S1Hand.tif,/home/s299259068/Área de Trabalho/Projetos/2026/artigo_llm/sen1floods11/HandLabeled/LabelHand/Spain_5678382_LabelHand.tif,3570,258547,262117,27,0.013619872041874431,1.361987204187443,AMBIGUOUS
Spain_5816638,/home/s299259068/Área de Trabalho/Projetos/2026/artigo_llm/sen1floods11/HandLabeled/S1Hand/Spain_5816638_S1Hand.tif,/home/s299259068/Área de Trabalho/Projetos/2026/artigo_llm/sen1floods11/HandLabeled/LabelHand/Spain_5816638_LabelHand.tif,379,261673,262052,92,0.0014462778379863539,0.1446277837986354,NON_WATER
Spain_5923267,/home/s299259068/Área de Trabalho/Projetos/2026/artigo_llm/sen1floods11/HandLabeled/S1Hand/Spain_5923267_S1Hand.tif,/home/s299259068/Área de Trabalho/Projetos/2026/artigo_llm/sen1floods11/HandLabeled/LabelHand/Spain_5923267_LabelHand.tif,201713,17030,218743,43401,0.9221460801031347,92.21460801031347,WATER
Spain_6095801,/home/s299259068/Área de Trabalho/Projetos/2026/artigo_llm/sen1floods11/HandLabeled/S1Hand/Spain_6095801_S1Hand.tif,/home/s299259068/Área de Trabalho/Projetos/2026/artigo_llm/sen1floods11/HandLabeled/LabelHand/Spain_6095801_LabelHand.tif,22736,239326,262062,82,0.08675809541253597,8.675809541253598,AMBIGUOUS
Spain_6199994,/home/s299259068/Área de Trabalho/Projetos/2026/artigo_llm/sen1floods11/HandLabeled/S1Hand/Spain_6199994_S1Hand.tif,/home/s299259068/Área de Trabalho/Projetos/2026/artigo_llm/sen1floods11/HandLabeled/LabelHand/Spain_6199994_LabelHand.tif,783,261119,261902,242,0.0029896678910432146,0.29896678910432145,NON_WATER
Spain_6537196,/home/s299259068/Área de Trabalho/Projetos/2026/artigo_llm/sen1floods11/HandLabeled/S1Hand/Spain_6537196_S1Hand.tif,/home/s299259068/Área de Trabalho/Projetos/2026/artigo_llm/sen1floods11/HandLabeled/LabelHand/Spain_6537196_LabelHand.tif,3046,259060,262106,38,0.011621252470374582,1.1621252470374581,AMBIGUOUS
Spain_6860600,/home/s299259068/Área de Trabalho/Projetos/2026/artigo_llm/sen1floods11/HandLabeled/S1Hand/Spain_6860600_S1Hand.tif,/home/s299259068/Área de Trabalho/Projetos/2026/artigo_llm/sen1floods11/HandLabeled/LabelHand/Spain_6860600_LabelHand.tif,246,261723,261969,175,0.0009390424057808366,0.09390424057808366,NON_WATER
Spain_716716,/home/s299259068/Área de Trabalho/Projetos/2026/artigo_llm/sen1floods11/HandLabeled/S1Hand/Spain_716716_S1Hand.tif,/home/s299259068/Área de Trabalho/Projetos/2026/artigo_llm/sen1floods11/HandLabeled/LabelHand/Spain_716716_LabelHand.tif,2644,259423,262067,77,0.010089023036093823,1.0089023036093823,AMBIGUOUS
Spain_7370579,/home/s299259068/Área de Trabalho/Projetos/2026/artigo_llm/sen1floods11/HandLabeled/S1Hand/Spain_7370579_S1Hand.tif,/home/s299259068/Área de Trabalho/Projetos/2026/artigo_llm/sen1floods11/HandLabeled/LabelHand/Spain_7370579_LabelHand.tif,70035,192010,262045,99,0.26726325631093895,26.726325631093893,WATER
Spain_7387658,/home/s299259068/Área de Trabalho/Projetos/2026/artigo_llm/sen1floods11/HandLabeled/S1Hand/Spain_7387658_S1Hand.tif,/home/s299259068/Área de Trabalho/Projetos/2026/artigo_llm/sen1floods11/HandLabeled/LabelHand/Spain_7387658_LabelHand.tif,153006,109051,262057,87,0.5838653422728644,58.38653422728643,WATER
Spain_7558720,/home/s299259068/Área de Trabalho/Projetos/2026/artigo_llm/sen1floods11/HandLabeled/S1Hand/Spain_7558720_S1Hand.tif,/home/s299259068/Área de Trabalho/Projetos/2026/artigo_llm/sen1floods11/HandLabeled/LabelHand/Spain_7558720_LabelHand.tif,2137,259847,261984,160,0.008156986686209846,0.8156986686209846,NON_WATER
Spain_7604243,/home/s299259068/Área de Trabalho/Projetos/2026/artigo_llm/sen1floods11/HandLabeled/S1Hand/Spain_7604243_S1Hand.tif,/home/s299259068/Área de Trabalho/Projetos/2026/artigo_llm/sen1floods11/HandLabeled/LabelHand/Spain_7604243_LabelHand.tif,20919,241161,262080,64,0.07981913919413919,7.981913919413919,AMBIGUOUS
Spain_7786924,/home/s299259068/Área de Trabalho/Projetos/2026/artigo_llm/sen1floods11/HandLabeled/S1Hand/Spain_7786924_S1Hand.tif,/home/s299259068/Área de Trabalho/Projetos/2026/artigo_llm/sen1floods11/HandLabeled/LabelHand/Spain_7786924_LabelHand.tif,3768,258343,262111,33,0.014375588968032628,1.4375588968032629,AMBIGUOUS
Spain_7856615,/home/s299259068/Área de Trabalho/Projetos/2026/artigo_llm/sen1floods11/HandLabeled/S1Hand/Spain_7856615_S1Hand.tif,/home/s299259068/Área de Trabalho/Projetos/2026/artigo_llm/sen1floods11/HandLabeled/LabelHand/Spain_7856615_LabelHand.tif,9637,252293,261930,214,0.036792272744626424,3.6792272744626424,AMBIGUOUS
Spain_8104659,/home/s299259068/Área de Trabalho/Projetos/2026/artigo_llm/sen1floods11/HandLabeled/S1Hand/Spain_8104659_S1Hand.tif,/home/s299259068/Área de Trabalho/Projetos/2026/artigo_llm/sen1floods11/HandLabeled/LabelHand/Spain_8104659_LabelHand.tif,3484,258644,262128,16,0.01329121650491363,1.329121650491363,AMBIGUOUS
Spain_8154154,/home/s299259068/Área de Trabalho/Projetos/2026/artigo_llm/sen1floods11/HandLabeled/S1Hand/Spain_8154154_S1Hand.tif,/home/s299259068/Área de Trabalho/Projetos/2026/artigo_llm/sen1floods11/HandLabeled/LabelHand/Spain_8154154_LabelHand.tif,4582,257536,262118,26,0.017480676641817808,1.7480676641817807,AMBIGUOUS
Spain_8199661,/home/s299259068/Área de Trabalho/Projetos/2026/artigo_llm/sen1floods11/HandLabeled/S1Hand/Spain_8199661_S1Hand.tif,/home/s299259068/Área de Trabalho/Projetos/2026/artigo_llm/sen1floods11/HandLabeled/LabelHand/Spain_8199661_LabelHand.tif,8182,253854,262036,108,0.03122471721442855,3.1224717214428552,AMBIGUOUS
Spain_8372658,/home/s299259068/Área de Trabalho/Projetos/2026/artigo_llm/sen1floods11/HandLabeled/S1Hand/Spain_8372658_S1Hand.tif,/home/s299259068/Área de Trabalho/Projetos/2026/artigo_llm/sen1floods11/HandLabeled/LabelHand/Spain_8372658_LabelHand.tif,93104,168925,262029,115,0.35531944937392423,35.531944937392424,WATER
Spain_8565131,/home/s299259068/Área de Trabalho/Projetos/2026/artigo_llm/sen1floods11/HandLabeled/S1Hand/Spain_8565131_S1Hand.tif,/home/s299259068/Área de Trabalho/Projetos/2026/artigo_llm/sen1floods11/HandLabeled/LabelHand/Spain_8565131_LabelHand.tif,52356,209728,262084,60,0.1997680133087102,19.97680133087102,WATER
Sri-Lanka_101973,/home/s299259068/Área de Trabalho/Projetos/2026/artigo_llm/sen1floods11/HandLabeled/S1Hand/Sri-Lanka_101973_S1Hand.tif,/home/s299259068/Área de Trabalho/Projetos/2026/artigo_llm/sen1floods11/HandLabeled/LabelHand/Sri-Lanka_101973_LabelHand.tif,2958,259185,262143,1,0.011283917556448197,1.1283917556448197,AMBIGUOUS
Sri-Lanka_1038087,/home/s299259068/Área de Trabalho/Projetos/2026/artigo_llm/sen1floods11/HandLabeled/S1Hand/Sri-Lanka_1038087_S1Hand.tif,/home/s299259068/Área de Trabalho/Projetos/2026/artigo_llm/sen1floods11/HandLabeled/LabelHand/Sri-Lanka_1038087_LabelHand.tif,18112,244031,262143,1,0.06909206044029403,6.909206044029403,AMBIGUOUS
Sri-Lanka_1049830,/home/s299259068/Área de Trabalho/Projetos/2026/artigo_llm/sen1floods11/HandLabeled/S1Hand/Sri-Lanka_1049830_S1Hand.tif,/home/s299259068/Área de Trabalho/Projetos/2026/artigo_llm/sen1floods11/HandLabeled/LabelHand/Sri-Lanka_1049830_LabelHand.tif,2577,187656,190233,71911,0.01354654555203356,1.354654555203356,AMBIGUOUS
Sri-Lanka_117737,/home/s299259068/Área de Trabalho/Projetos/2026/artigo_llm/sen1floods11/HandLabeled/S1Hand/Sri-Lanka_117737_S1Hand.tif,/home/s299259068/Área de Trabalho/Projetos/2026/artigo_llm/sen1floods11/HandLabeled/LabelHand/Sri-Lanka_117737_LabelHand.tif,6731,255413,262144,0,0.025676727294921875,2.5676727294921875,AMBIGUOUS
Sri-Lanka_120804,/home/s299259068/Área de Trabalho/Projetos/2026/artigo_llm/sen1floods11/HandLabeled/S1Hand/Sri-Lanka_120804_S1Hand.tif,/home/s299259068/Área de Trabalho/Projetos/2026/artigo_llm/sen1floods11/HandLabeled/LabelHand/Sri-Lanka_120804_LabelHand.tif,6958,255186,262144,0,0.02654266357421875,2.654266357421875,AMBIGUOUS
Sri-Lanka_132922,/home/s299259068/Área de Trabalho/Projetos/2026/artigo_llm/sen1floods11/HandLabeled/S1Hand/Sri-Lanka_132922_S1Hand.tif,/home/s299259068/Área de Trabalho/Projetos/2026/artigo_llm/sen1floods11/HandLabeled/LabelHand/Sri-Lanka_132922_LabelHand.tif,17843,244301,262144,0,0.06806564331054688,6.8065643310546875,AMBIGUOUS
Sri-Lanka_135713,/home/s299259068/Área de Trabalho/Projetos/2026/artigo_llm/sen1floods11/HandLabeled/S1Hand/Sri-Lanka_135713_S1Hand.tif,/home/s299259068/Área de Trabalho/Projetos/2026/artigo_llm/sen1floods11/HandLabeled/LabelHand/Sri-Lanka_135713_LabelHand.tif,0,134330,134330,127814,0.0,0.0,NON_WATER
Sri-Lanka_14484,/home/s299259068/Área de Trabalho/Projetos/2026/artigo_llm/sen1floods11/HandLabeled/S1Hand/Sri-Lanka_14484_S1Hand.tif,/home/s299259068/Área de Trabalho/Projetos/2026/artigo_llm/sen1floods11/HandLabeled/LabelHand/Sri-Lanka_14484_LabelHand.tif,38866,193149,232015,30129,0.16751503135573131,16.75150313557313,WATER
Sri-Lanka_152185,/home/s299259068/Área de Trabalho/Projetos/2026/artigo_llm/sen1floods11/HandLabeled/S1Hand/Sri-Lanka_152185_S1Hand.tif,/home/s299259068/Área de Trabalho/Projetos/2026/artigo_llm/sen1floods11/HandLabeled/LabelHand/Sri-Lanka_152185_LabelHand.tif,2198,259946,262144,0,0.00838470458984375,0.838470458984375,NON_WATER
Sri-Lanka_163406,/home/s299259068/Área de Trabalho/Projetos/2026/artigo_llm/sen1floods11/HandLabeled/S1Hand/Sri-Lanka_163406_S1Hand.tif,/home/s299259068/Área de Trabalho/Projetos/2026/artigo_llm/sen1floods11/HandLabeled/LabelHand/Sri-Lanka_163406_LabelHand.tif,5070,257074,262144,0,0.01934051513671875,1.934051513671875,AMBIGUOUS
Sri-Lanka_178753,/home/s299259068/Área de Trabalho/Projetos/2026/artigo_llm/sen1floods11/HandLabeled/S1Hand/Sri-Lanka_178753_S1Hand.tif,/home/s299259068/Área de Trabalho/Projetos/2026/artigo_llm/sen1floods11/HandLabeled/LabelHand/Sri-Lanka_178753_LabelHand.tif,645,253228,253873,8271,0.0025406403989396273,0.2540640398939627,NON_WATER
Sri-Lanka_233609,/home/s299259068/Área de Trabalho/Projetos/2026/artigo_llm/sen1floods11/HandLabeled/S1Hand/Sri-Lanka_233609_S1Hand.tif,/home/s299259068/Área de Trabalho/Projetos/2026/artigo_llm/sen1floods11/HandLabeled/LabelHand/Sri-Lanka_233609_LabelHand.tif,6877,250243,257120,5024,0.026746266334785315,2.6746266334785314,AMBIGUOUS
Sri-Lanka_236030,/home/s299259068/Área de Trabalho/Projetos/2026/artigo_llm/sen1floods11/HandLabeled/S1Hand/Sri-Lanka_236030_S1Hand.tif,/home/s299259068/Área de Trabalho/Projetos/2026/artigo_llm/sen1floods11/HandLabeled/LabelHand/Sri-Lanka_236030_LabelHand.tif,1713,204375,206088,56056,0.008311983230464656,0.8311983230464657,NON_WATER
Sri-Lanka_236628,/home/s299259068/Área de Trabalho/Projetos/2026/artigo_llm/sen1floods11/HandLabeled/S1Hand/Sri-Lanka_236628_S1Hand.tif,/home/s299259068/Área de Trabalho/Projetos/2026/artigo_llm/sen1floods11/HandLabeled/LabelHand/Sri-Lanka_236628_LabelHand.tif,3081,259061,262142,2,0.011753171944976387,1.1753171944976386,AMBIGUOUS
Sri-Lanka_249079,/home/s299259068/Área de Trabalho/Projetos/2026/artigo_llm/sen1floods11/HandLabeled/S1Hand/Sri-Lanka_249079_S1Hand.tif,/home/s299259068/Área de Trabalho/Projetos/2026/artigo_llm/sen1floods11/HandLabeled/LabelHand/Sri-Lanka_249079_LabelHand.tif,11,164764,164775,97369,6.675769989379457e-05,0.006675769989379457,NON_WATER
Sri-Lanka_31559,/home/s299259068/Área de Trabalho/Projetos/2026/artigo_llm/sen1floods11/HandLabeled/S1Hand/Sri-Lanka_31559_S1Hand.tif,/home/s299259068/Área de Trabalho/Projetos/2026/artigo_llm/sen1floods11/HandLabeled/LabelHand/Sri-Lanka_31559_LabelHand.tif,464,218331,218795,43349,0.0021207065974999427,0.21207065974999428,NON_WATER
Sri-Lanka_321316,/home/s299259068/Área de Trabalho/Projetos/2026/artigo_llm/sen1floods11/HandLabeled/S1Hand/Sri-Lanka_321316_S1Hand.tif,/home/s299259068/Área de Trabalho/Projetos/2026/artigo_llm/sen1floods11/HandLabeled/LabelHand/Sri-Lanka_321316_LabelHand.tif,96905,165228,262133,11,0.36967875086311147,36.967875086311146,WATER
Sri-Lanka_377277,/home/s299259068/Área de Trabalho/Projetos/2026/artigo_llm/sen1floods11/HandLabeled/S1Hand/Sri-Lanka_377277_S1Hand.tif,/home/s299259068/Área de Trabalho/Projetos/2026/artigo_llm/sen1floods11/HandLabeled/LabelHand/Sri-Lanka_377277_LabelHand.tif,8603,250785,259388,2756,0.033166530448594383,3.3166530448594385,AMBIGUOUS
Sri-Lanka_400518,/home/s299259068/Área de Trabalho/Projetos/2026/artigo_llm/sen1floods11/HandLabeled/S1Hand/Sri-Lanka_400518_S1Hand.tif,/home/s299259068/Área de Trabalho/Projetos/2026/artigo_llm/sen1floods11/HandLabeled/LabelHand/Sri-Lanka_400518_LabelHand.tif,2380,259764,262144,0,0.0090789794921875,0.90789794921875,NON_WATER
Sri-Lanka_450918,/home/s299259068/Área de Trabalho/Projetos/2026/artigo_llm/sen1floods11/HandLabeled/S1Hand/Sri-Lanka_450918_S1Hand.tif,/home/s299259068/Área de Trabalho/Projetos/2026/artigo_llm/sen1floods11/HandLabeled/LabelHand/Sri-Lanka_450918_LabelHand.tif,4277,94849,99126,163018,0.04314710570385166,4.3147105703851665,AMBIGUOUS
Sri-Lanka_49764,/home/s299259068/Área de Trabalho/Projetos/2026/artigo_llm/sen1floods11/HandLabeled/S1Hand/Sri-Lanka_49764_S1Hand.tif,/home/s299259068/Área de Trabalho/Projetos/2026/artigo_llm/sen1floods11/HandLabeled/LabelHand/Sri-Lanka_49764_LabelHand.tif,2486,240841,243327,18817,0.010216704270385119,1.021670427038512,AMBIGUOUS
Sri-Lanka_52223,/home/s299259068/Área de Trabalho/Projetos/2026/artigo_llm/sen1floods11/HandLabeled/S1Hand/Sri-Lanka_52223_S1Hand.tif,/home/s299259068/Área de Trabalho/Projetos/2026/artigo_llm/sen1floods11/HandLabeled/LabelHand/Sri-Lanka_52223_LabelHand.tif,0,262144,262144,0,0.0,0.0,NON_WATER
Sri-Lanka_523539,/home/s299259068/Área de Trabalho/Projetos/2026/artigo_llm/sen1floods11/HandLabeled/S1Hand/Sri-Lanka_523539_S1Hand.tif,/home/s299259068/Área de Trabalho/Projetos/2026/artigo_llm/sen1floods11/HandLabeled/LabelHand/Sri-Lanka_523539_LabelHand.tif,24669,193812,218481,43663,0.11291142021503014,11.291142021503015,WATER
Sri-Lanka_534068,/home/s299259068/Área de Trabalho/Projetos/2026/artigo_llm/sen1floods11/HandLabeled/S1Hand/Sri-Lanka_534068_S1Hand.tif,/home/s299259068/Área de Trabalho/Projetos/2026/artigo_llm/sen1floods11/HandLabeled/LabelHand/Sri-Lanka_534068_LabelHand.tif,257268,4876,262144,0,0.9813995361328125,98.13995361328125,WATER
Sri-Lanka_551926,/home/s299259068/Área de Trabalho/Projetos/2026/artigo_llm/sen1floods11/HandLabeled/S1Hand/Sri-Lanka_551926_S1Hand.tif,/home/s299259068/Área de Trabalho/Projetos/2026/artigo_llm/sen1floods11/HandLabeled/LabelHand/Sri-Lanka_551926_LabelHand.tif,19600,242544,262144,0,0.07476806640625,7.476806640625,AMBIGUOUS
Sri-Lanka_55568,/home/s299259068/Área de Trabalho/Projetos/2026/artigo_llm/sen1floods11/HandLabeled/S1Hand/Sri-Lanka_55568_S1Hand.tif,/home/s299259068/Área de Trabalho/Projetos/2026/artigo_llm/sen1floods11/HandLabeled/LabelHand/Sri-Lanka_55568_LabelHand.tif,15268,197590,212858,49286,0.0717285702205226,7.172857022052261,AMBIGUOUS
Sri-Lanka_579082,/home/s299259068/Área de Trabalho/Projetos/2026/artigo_llm/sen1floods11/HandLabeled/S1Hand/Sri-Lanka_579082_S1Hand.tif,/home/s299259068/Área de Trabalho/Projetos/2026/artigo_llm/sen1floods11/HandLabeled/LabelHand/Sri-Lanka_579082_LabelHand.tif,14466,193797,208263,53881,0.06946024978032583,6.946024978032583,AMBIGUOUS
Sri-Lanka_612594,/home/s299259068/Área de Trabalho/Projetos/2026/artigo_llm/sen1floods11/HandLabeled/S1Hand/Sri-Lanka_612594_S1Hand.tif,/home/s299259068/Área de Trabalho/Projetos/2026/artigo_llm/sen1floods11/HandLabeled/LabelHand/Sri-Lanka_612594_LabelHand.tif,43125,219019,262144,0,0.16450881958007812,16.450881958007812,WATER
Sri-Lanka_63307,/home/s299259068/Área de Trabalho/Projetos/2026/artigo_llm/sen1floods11/HandLabeled/S1Hand/Sri-Lanka_63307_S1Hand.tif,/home/s299259068/Área de Trabalho/Projetos/2026/artigo_llm/sen1floods11/HandLabeled/LabelHand/Sri-Lanka_63307_LabelHand.tif,7005,255139,262144,0,0.026721954345703125,2.6721954345703125,AMBIGUOUS
Sri-Lanka_649970,/home/s299259068/Área de Trabalho/Projetos/2026/artigo_llm/sen1floods11/HandLabeled/S1Hand/Sri-Lanka_649970_S1Hand.tif,/home/s299259068/Área de Trabalho/Projetos/2026/artigo_llm/sen1floods11/HandLabeled/LabelHand/Sri-Lanka_649970_LabelHand.tif,17343,243512,260855,1289,0.06648521209100841,6.648521209100841,AMBIGUOUS
Sri-Lanka_653336,/home/s299259068/Área de Trabalho/Projetos/2026/artigo_llm/sen1floods11/HandLabeled/S1Hand/Sri-Lanka_653336_S1Hand.tif,/home/s299259068/Área de Trabalho/Projetos/2026/artigo_llm/sen1floods11/HandLabeled/LabelHand/Sri-Lanka_653336_LabelHand.tif,17982,244159,262141,3,0.06859667125707157,6.859667125707157,AMBIGUOUS
Sri-Lanka_713926,/home/s299259068/Área de Trabalho/Projetos/2026/artigo_llm/sen1floods11/HandLabeled/S1Hand/Sri-Lanka_713926_S1Hand.tif,/home/s299259068/Área de Trabalho/Projetos/2026/artigo_llm/sen1floods11/HandLabeled/LabelHand/Sri-Lanka_713926_LabelHand.tif,80506,181598,262104,40,0.30715288587736167,30.71528858773617,WATER
Sri-Lanka_748447,/home/s299259068/Área de Trabalho/Projetos/2026/artigo_llm/sen1floods11/HandLabeled/S1Hand/Sri-Lanka_748447_S1Hand.tif,/home/s299259068/Área de Trabalho/Projetos/2026/artigo_llm/sen1floods11/HandLabeled/LabelHand/Sri-Lanka_748447_LabelHand.tif,1219,247968,249187,12957,0.004891908486397765,0.4891908486397765,NON_WATER
Sri-Lanka_845821,/home/s299259068/Área de Trabalho/Projetos/2026/artigo_llm/sen1floods11/HandLabeled/S1Hand/Sri-Lanka_845821_S1Hand.tif,/home/s299259068/Área de Trabalho/Projetos/2026/artigo_llm/sen1floods11/HandLabeled/LabelHand/Sri-Lanka_845821_LabelHand.tif,234546,6212,240758,21386,0.9741981574859402,97.41981574859402,WATER
Sri-Lanka_847275,/home/s299259068/Área de Trabalho/Projetos/2026/artigo_llm/sen1floods11/HandLabeled/S1Hand/Sri-Lanka_847275_S1Hand.tif,/home/s299259068/Área de Trabalho/Projetos/2026/artigo_llm/sen1floods11/HandLabeled/LabelHand/Sri-Lanka_847275_LabelHand.tif,50464,180897,231361,30783,0.218118006059794,21.8118006059794,WATER
Sri-Lanka_849649,/home/s299259068/Área de Trabalho/Projetos/2026/artigo_llm/sen1floods11/HandLabeled/S1Hand/Sri-Lanka_849649_S1Hand.tif,/home/s299259068/Área de Trabalho/Projetos/2026/artigo_llm/sen1floods11/HandLabeled/LabelHand/Sri-Lanka_849649_LabelHand.tif,1892,216315,218207,43937,0.008670665927307556,0.8670665927307556,NON_WATER
Sri-Lanka_85652,/home/s299259068/Área de Trabalho/Projetos/2026/artigo_llm/sen1floods11/HandLabeled/S1Hand/Sri-Lanka_85652_S1Hand.tif,/home/s299259068/Área de Trabalho/Projetos/2026/artigo_llm/sen1floods11/HandLabeled/LabelHand/Sri-Lanka_85652_LabelHand.tif,1941,195427,197368,64776,0.009834420980098091,0.9834420980098091,NON_WATER
Sri-Lanka_883641,/home/s299259068/Área de Trabalho/Projetos/2026/artigo_llm/sen1floods11/HandLabeled/S1Hand/Sri-Lanka_883641_S1Hand.tif,/home/s299259068/Área de Trabalho/Projetos/2026/artigo_llm/sen1floods11/HandLabeled/LabelHand/Sri-Lanka_883641_LabelHand.tif,13500,248644,262144,0,0.0514984130859375,5.14984130859375,AMBIGUOUS
Sri-Lanka_916628,/home/s299259068/Área de Trabalho/Projetos/2026/artigo_llm/sen1floods11/HandLabeled/S1Hand/Sri-Lanka_916628_S1Hand.tif,/home/s299259068/Área de Trabalho/Projetos/2026/artigo_llm/sen1floods11/HandLabeled/LabelHand/Sri-Lanka_916628_LabelHand.tif,81524,178437,259961,2183,0.31360088628678917,31.360088628678916,WATER
Sri-Lanka_922192,/home/s299259068/Área de Trabalho/Projetos/2026/artigo_llm/sen1floods11/HandLabeled/S1Hand/Sri-Lanka_922192_S1Hand.tif,/home/s299259068/Área de Trabalho/Projetos/2026/artigo_llm/sen1floods11/HandLabeled/LabelHand/Sri-Lanka_922192_LabelHand.tif,1030,238753,239783,22361,0.00429555056029827,0.429555056029827,NON_WATER
Sri-Lanka_92824,/home/s299259068/Área de Trabalho/Projetos/2026/artigo_llm/sen1floods11/HandLabeled/S1Hand/Sri-Lanka_92824_S1Hand.tif,/home/s299259068/Área de Trabalho/Projetos/2026/artigo_llm/sen1floods11/HandLabeled/LabelHand/Sri-Lanka_92824_LabelHand.tif,55390,191116,246506,15638,0.22470041297169238,22.47004129716924,WATER
Sri-Lanka_956740,/home/s299259068/Área de Trabalho/Projetos/2026/artigo_llm/sen1floods11/HandLabeled/S1Hand/Sri-Lanka_956740_S1Hand.tif,/home/s299259068/Área de Trabalho/Projetos/2026/artigo_llm/sen1floods11/HandLabeled/LabelHand/Sri-Lanka_956740_LabelHand.tif,7918,194151,202069,60075,0.03918463495142748,3.918463495142748,AMBIGUOUS
USA_1010394,/home/s299259068/Área de Trabalho/Projetos/2026/artigo_llm/sen1floods11/HandLabeled/S1Hand/USA_1010394_S1Hand.tif,/home/s299259068/Área de Trabalho/Projetos/2026/artigo_llm/sen1floods11/HandLabeled/LabelHand/USA_1010394_LabelHand.tif,1481,260650,262131,13,0.005649846832309036,0.5649846832309036,NON_WATER
USA_1039203,/home/s299259068/Área de Trabalho/Projetos/2026/artigo_llm/sen1floods11/HandLabeled/S1Hand/USA_1039203_S1Hand.tif,/home/s299259068/Área de Trabalho/Projetos/2026/artigo_llm/sen1floods11/HandLabeled/LabelHand/USA_1039203_LabelHand.tif,1611,260501,262112,32,0.006146227566841656,0.6146227566841655,NON_WATER
USA_1049586,/home/s299259068/Área de Trabalho/Projetos/2026/artigo_llm/sen1floods11/HandLabeled/S1Hand/USA_1049586_S1Hand.tif,/home/s299259068/Área de Trabalho/Projetos/2026/artigo_llm/sen1floods11/HandLabeled/LabelHand/USA_1049586_LabelHand.tif,2122,259939,262061,83,0.008097351380022209,0.8097351380022209,NON_WATER
USA_1068362,/home/s299259068/Área de Trabalho/Projetos/2026/artigo_llm/sen1floods11/HandLabeled/S1Hand/USA_1068362_S1Hand.tif,/home/s299259068/Área de Trabalho/Projetos/2026/artigo_llm/sen1floods11/HandLabeled/LabelHand/USA_1068362_LabelHand.tif,31182,230942,262124,20,0.11895896598556409,11.895896598556408,WATER
USA_1082482,/home/s299259068/Área de Trabalho/Projetos/2026/artigo_llm/sen1floods11/HandLabeled/S1Hand/USA_1082482_S1Hand.tif,/home/s299259068/Área de Trabalho/Projetos/2026/artigo_llm/sen1floods11/HandLabeled/LabelHand/USA_1082482_LabelHand.tif,2206,259924,262130,14,0.008415671613321634,0.8415671613321635,NON_WATER
USA_11422,/home/s299259068/Área de Trabalho/Projetos/2026/artigo_llm/sen1floods11/HandLabeled/S1Hand/USA_11422_S1Hand.tif,/home/s299259068/Área de Trabalho/Projetos/2026/artigo_llm/sen1floods11/HandLabeled/LabelHand/USA_11422_LabelHand.tif,36020,226122,262142,2,0.13740644383578365,13.740644383578365,WATER
USA_114964,/home/s299259068/Área de Trabalho/Projetos/2026/artigo_llm/sen1floods11/HandLabeled/S1Hand/USA_114964_S1Hand.tif,/home/s299259068/Área de Trabalho/Projetos/2026/artigo_llm/sen1floods11/HandLabeled/LabelHand/USA_114964_LabelHand.tif,354,261771,262125,19,0.0013505007153075822,0.1350500715307582,NON_WATER
USA_115033,/home/s299259068/Área de Trabalho/Projetos/2026/artigo_llm/sen1floods11/HandLabeled/S1Hand/USA_115033_S1Hand.tif,/home/s299259068/Área de Trabalho/Projetos/2026/artigo_llm/sen1floods11/HandLabeled/LabelHand/USA_115033_LabelHand.tif,2359,259750,262109,35,0.009000072488926363,0.9000072488926363,NON_WATER
USA_170264,/home/s299259068/Área de Trabalho/Projetos/2026/artigo_llm/sen1floods11/HandLabeled/S1Hand/USA_170264_S1Hand.tif,/home/s299259068/Área de Trabalho/Projetos/2026/artigo_llm/sen1floods11/HandLabeled/LabelHand/USA_170264_LabelHand.tif,43535,218447,261982,162,0.16617553877747326,16.617553877747326,WATER
USA_179917,/home/s299259068/Área de Trabalho/Projetos/2026/artigo_llm/sen1floods11/HandLabeled/S1Hand/USA_179917_S1Hand.tif,/home/s299259068/Área de Trabalho/Projetos/2026/artigo_llm/sen1floods11/HandLabeled/LabelHand/USA_179917_LabelHand.tif,511,261583,262094,50,0.0019496821750974841,0.1949682175097484,NON_WATER
USA_181263,/home/s299259068/Área de Trabalho/Projetos/2026/artigo_llm/sen1floods11/HandLabeled/S1Hand/USA_181263_S1Hand.tif,/home/s299259068/Área de Trabalho/Projetos/2026/artigo_llm/sen1floods11/HandLabeled/LabelHand/USA_181263_LabelHand.tif,1065,207106,208171,53973,0.0051159863765846345,0.5115986376584635,NON_WATER
USA_181503,/home/s299259068/Área de Trabalho/Projetos/2026/artigo_llm/sen1floods11/HandLabeled/S1Hand/USA_181503_S1Hand.tif,/home/s299259068/Área de Trabalho/Projetos/2026/artigo_llm/sen1floods11/HandLabeled/LabelHand/USA_181503_LabelHand.tif,1194,260921,262115,29,0.004555252465520859,0.45552524655208587,NON_WATER
USA_19225,/home/s299259068/Área de Trabalho/Projetos/2026/artigo_llm/sen1floods11/HandLabeled/S1Hand/USA_19225_S1Hand.tif,/home/s299259068/Área de Trabalho/Projetos/2026/artigo_llm/sen1floods11/HandLabeled/LabelHand/USA_19225_LabelHand.tif,1391,260731,262122,22,0.005306689251569879,0.5306689251569879,NON_WATER
USA_198411,/home/s299259068/Área de Trabalho/Projetos/2026/artigo_llm/sen1floods11/HandLabeled/S1Hand/USA_198411_S1Hand.tif,/home/s299259068/Área de Trabalho/Projetos/2026/artigo_llm/sen1floods11/HandLabeled/LabelHand/USA_198411_LabelHand.tif,8737,75485,84222,177922,0.10373774073282516,10.373774073282515,WATER
USA_211406,/home/s299259068/Área de Trabalho/Projetos/2026/artigo_llm/sen1floods11/HandLabeled/S1Hand/USA_211406_S1Hand.tif,/home/s299259068/Área de Trabalho/Projetos/2026/artigo_llm/sen1floods11/HandLabeled/LabelHand/USA_211406_LabelHand.tif,1130,260971,262101,43,0.004311315103719559,0.43113151037195585,NON_WATER
USA_217598,/home/s299259068/Área de Trabalho/Projetos/2026/artigo_llm/sen1floods11/HandLabeled/S1Hand/USA_217598_S1Hand.tif,/home/s299259068/Área de Trabalho/Projetos/2026/artigo_llm/sen1floods11/HandLabeled/LabelHand/USA_217598_LabelHand.tif,45255,212366,257621,4523,0.17566502730755645,17.566502730755644,WATER
USA_224165,/home/s299259068/Área de Trabalho/Projetos/2026/artigo_llm/sen1floods11/HandLabeled/S1Hand/USA_224165_S1Hand.tif,/home/s299259068/Área de Trabalho/Projetos/2026/artigo_llm/sen1floods11/HandLabeled/LabelHand/USA_224165_LabelHand.tif,161,261965,262126,18,0.0006142084341118393,0.06142084341118394,NON_WATER
USA_225017,/home/s299259068/Área de Trabalho/Projetos/2026/artigo_llm/sen1floods11/HandLabeled/S1Hand/USA_225017_S1Hand.tif,/home/s299259068/Área de Trabalho/Projetos/2026/artigo_llm/sen1floods11/HandLabeled/LabelHand/USA_225017_LabelHand.tif,16780,245358,262138,6,0.06401208523754663,6.401208523754663,AMBIGUOUS
USA_231124,/home/s299259068/Área de Trabalho/Projetos/2026/artigo_llm/sen1floods11/HandLabeled/S1Hand/USA_231124_S1Hand.tif,/home/s299259068/Área de Trabalho/Projetos/2026/artigo_llm/sen1floods11/HandLabeled/LabelHand/USA_231124_LabelHand.tif,3839,125570,129409,132735,0.029665633765812268,2.966563376581227,AMBIGUOUS
USA_232060,/home/s299259068/Área de Trabalho/Projetos/2026/artigo_llm/sen1floods11/HandLabeled/S1Hand/USA_232060_S1Hand.tif,/home/s299259068/Área de Trabalho/Projetos/2026/artigo_llm/sen1floods11/HandLabeled/LabelHand/USA_232060_LabelHand.tif,1713,260414,262127,17,0.006535000209821957,0.6535000209821956,NON_WATER
USA_251323,/home/s299259068/Área de Trabalho/Projetos/2026/artigo_llm/sen1floods11/HandLabeled/S1Hand/USA_251323_S1Hand.tif,/home/s299259068/Área de Trabalho/Projetos/2026/artigo_llm/sen1floods11/HandLabeled/LabelHand/USA_251323_LabelHand.tif,695,260343,261038,1106,0.002662447612991212,0.2662447612991212,NON_WATER
USA_260929,/home/s299259068/Área de Trabalho/Projetos/2026/artigo_llm/sen1floods11/HandLabeled/S1Hand/USA_260929_S1Hand.tif,/home/s299259068/Área de Trabalho/Projetos/2026/artigo_llm/sen1floods11/HandLabeled/LabelHand/USA_260929_LabelHand.tif,5020,257114,262134,10,0.019150510807449624,1.9150510807449623,AMBIGUOUS
USA_275372,/home/s299259068/Área de Trabalho/Projetos/2026/artigo_llm/sen1floods11/HandLabeled/S1Hand/USA_275372_S1Hand.tif,/home/s299259068/Área de Trabalho/Projetos/2026/artigo_llm/sen1floods11/HandLabeled/LabelHand/USA_275372_LabelHand.tif,2722,259416,262138,6,0.010383843624350533,1.0383843624350533,AMBIGUOUS
USA_308150,/home/s299259068/Área de Trabalho/Projetos/2026/artigo_llm/sen1floods11/HandLabeled/S1Hand/USA_308150_S1Hand.tif,/home/s299259068/Área de Trabalho/Projetos/2026/artigo_llm/sen1floods11/HandLabeled/LabelHand/USA_308150_LabelHand.tif,2907,259120,262027,117,0.011094276544020273,1.1094276544020274,AMBIGUOUS
USA_347609,/home/s299259068/Área de Trabalho/Projetos/2026/artigo_llm/sen1floods11/HandLabeled/S1Hand/USA_347609_S1Hand.tif,/home/s299259068/Área de Trabalho/Projetos/2026/artigo_llm/sen1floods11/HandLabeled/LabelHand/USA_347609_LabelHand.tif,1642,202774,204416,57728,0.008032639323731997,0.8032639323731997,NON_WATER
USA_348639,/home/s299259068/Área de Trabalho/Projetos/2026/artigo_llm/sen1floods11/HandLabeled/S1Hand/USA_348639_S1Hand.tif,/home/s299259068/Área de Trabalho/Projetos/2026/artigo_llm/sen1floods11/HandLabeled/LabelHand/USA_348639_LabelHand.tif,27154,234964,262118,26,0.10359456428020968,10.359456428020968,WATER
USA_350244,/home/s299259068/Área de Trabalho/Projetos/2026/artigo_llm/sen1floods11/HandLabeled/S1Hand/USA_350244_S1Hand.tif,/home/s299259068/Área de Trabalho/Projetos/2026/artigo_llm/sen1floods11/HandLabeled/LabelHand/USA_350244_LabelHand.tif,1285,260835,262120,24,0.004902334808484663,0.49023348084846635,NON_WATER
USA_354981,/home/s299259068/Área de Trabalho/Projetos/2026/artigo_llm/sen1floods11/HandLabeled/S1Hand/USA_354981_S1Hand.tif,/home/s299259068/Área de Trabalho/Projetos/2026/artigo_llm/sen1floods11/HandLabeled/LabelHand/USA_354981_LabelHand.tif,1724,260287,262011,133,0.006579876417402323,0.6579876417402323,NON_WATER
USA_366607,/home/s299259068/Área de Trabalho/Projetos/2026/artigo_llm/sen1floods11/HandLabeled/S1Hand/USA_366607_S1Hand.tif,/home/s299259068/Área de Trabalho/Projetos/2026/artigo_llm/sen1floods11/HandLabeled/LabelHand/USA_366607_LabelHand.tif,49325,212814,262139,5,0.1881635315614998,18.816353156149983,WATER
USA_375183,/home/s299259068/Área de Trabalho/Projetos/2026/artigo_llm/sen1floods11/HandLabeled/S1Hand/USA_375183_S1Hand.tif,/home/s299259068/Área de Trabalho/Projetos/2026/artigo_llm/sen1floods11/HandLabeled/LabelHand/USA_375183_LabelHand.tif,6518,255547,262065,79,0.024871692137446815,2.4871692137446817,AMBIGUOUS
USA_387945,/home/s299259068/Área de Trabalho/Projetos/2026/artigo_llm/sen1floods11/HandLabeled/S1Hand/USA_387945_S1Hand.tif,/home/s299259068/Área de Trabalho/Projetos/2026/artigo_llm/sen1floods11/HandLabeled/LabelHand/USA_387945_LabelHand.tif,13453,248686,262139,5,0.0513201011677011,5.13201011677011,AMBIGUOUS
USA_430764,/home/s299259068/Área de Trabalho/Projetos/2026/artigo_llm/sen1floods11/HandLabeled/S1Hand/USA_430764_S1Hand.tif,/home/s299259068/Área de Trabalho/Projetos/2026/artigo_llm/sen1floods11/HandLabeled/LabelHand/USA_430764_LabelHand.tif,15439,246698,262137,7,0.05889668379511477,5.889668379511477,AMBIGUOUS
USA_438959,/home/s299259068/Área de Trabalho/Projetos/2026/artigo_llm/sen1floods11/HandLabeled/S1Hand/USA_438959_S1Hand.tif,/home/s299259068/Área de Trabalho/Projetos/2026/artigo_llm/sen1floods11/HandLabeled/LabelHand/USA_438959_LabelHand.tif,6481,253234,259715,2429,0.024954276803419134,2.4954276803419133,AMBIGUOUS
USA_486103,/home/s299259068/Área de Trabalho/Projetos/2026/artigo_llm/sen1floods11/HandLabeled/S1Hand/USA_486103_S1Hand.tif,/home/s299259068/Área de Trabalho/Projetos/2026/artigo_llm/sen1floods11/HandLabeled/LabelHand/USA_486103_LabelHand.tif,7242,254818,262060,84,0.027634892772647485,2.7634892772647484,AMBIGUOUS
USA_504150,/home/s299259068/Área de Trabalho/Projetos/2026/artigo_llm/sen1floods11/HandLabeled/S1Hand/USA_504150_S1Hand.tif,/home/s299259068/Área de Trabalho/Projetos/2026/artigo_llm/sen1floods11/HandLabeled/LabelHand/USA_504150_LabelHand.tif,3262,258864,262126,18,0.012444396969396396,1.2444396969396396,AMBIGUOUS
USA_519181,/home/s299259068/Área de Trabalho/Projetos/2026/artigo_llm/sen1floods11/HandLabeled/S1Hand/USA_519181_S1Hand.tif,/home/s299259068/Área de Trabalho/Projetos/2026/artigo_llm/sen1floods11/HandLabeled/LabelHand/USA_519181_LabelHand.tif,2152,259975,262127,17,0.008209760917417893,0.8209760917417893,NON_WATER
USA_527077,/home/s299259068/Área de Trabalho/Projetos/2026/artigo_llm/sen1floods11/HandLabeled/S1Hand/USA_527077_S1Hand.tif,/home/s299259068/Área de Trabalho/Projetos/2026/artigo_llm/sen1floods11/HandLabeled/LabelHand/USA_527077_LabelHand.tif,1646,260481,262127,17,0.006279398917318704,0.6279398917318704,NON_WATER
USA_58086,/home/s299259068/Área de Trabalho/Projetos/2026/artigo_llm/sen1floods11/HandLabeled/S1Hand/USA_58086_S1Hand.tif,/home/s299259068/Área de Trabalho/Projetos/2026/artigo_llm/sen1floods11/HandLabeled/LabelHand/USA_58086_LabelHand.tif,15894,246218,262112,32,0.06063820046392382,6.063820046392382,AMBIGUOUS
USA_595451,/home/s299259068/Área de Trabalho/Projetos/2026/artigo_llm/sen1floods11/HandLabeled/S1Hand/USA_595451_S1Hand.tif,/home/s299259068/Área de Trabalho/Projetos/2026/artigo_llm/sen1floods11/HandLabeled/LabelHand/USA_595451_LabelHand.tif,20531,241605,262136,8,0.07832193975646229,7.832193975646229,AMBIGUOUS
USA_604222,/home/s299259068/Área de Trabalho/Projetos/2026/artigo_llm/sen1floods11/HandLabeled/S1Hand/USA_604222_S1Hand.tif,/home/s299259068/Área de Trabalho/Projetos/2026/artigo_llm/sen1floods11/HandLabeled/LabelHand/USA_604222_LabelHand.tif,6641,255482,262123,21,0.025335434128252766,2.5335434128252765,AMBIGUOUS
USA_605492,/home/s299259068/Área de Trabalho/Projetos/2026/artigo_llm/sen1floods11/HandLabeled/S1Hand/USA_605492_S1Hand.tif,/home/s299259068/Área de Trabalho/Projetos/2026/artigo_llm/sen1floods11/HandLabeled/LabelHand/USA_605492_LabelHand.tif,3031,259094,262125,19,0.011563185503099666,1.1563185503099667,AMBIGUOUS
USA_638521,/home/s299259068/Área de Trabalho/Projetos/2026/artigo_llm/sen1floods11/HandLabeled/S1Hand/USA_638521_S1Hand.tif,/home/s299259068/Área de Trabalho/Projetos/2026/artigo_llm/sen1floods11/HandLabeled/LabelHand/USA_638521_LabelHand.tif,5164,256977,262141,3,0.019699322120538185,1.9699322120538185,AMBIGUOUS
USA_646878,/home/s299259068/Área de Trabalho/Projetos/2026/artigo_llm/sen1floods11/HandLabeled/S1Hand/USA_646878_S1Hand.tif,/home/s299259068/Área de Trabalho/Projetos/2026/artigo_llm/sen1floods11/HandLabeled/LabelHand/USA_646878_LabelHand.tif,2424,250550,252974,9170,0.009582012380718968,0.9582012380718967,NON_WATER
USA_652955,/home/s299259068/Área de Trabalho/Projetos/2026/artigo_llm/sen1floods11/HandLabeled/S1Hand/USA_652955_S1Hand.tif,/home/s299259068/Área de Trabalho/Projetos/2026/artigo_llm/sen1floods11/HandLabeled/LabelHand/USA_652955_LabelHand.tif,8527,253614,262141,3,0.03252829584078797,3.252829584078797,AMBIGUOUS
USA_655230,/home/s299259068/Área de Trabalho/Projetos/2026/artigo_llm/sen1floods11/HandLabeled/S1Hand/USA_655230_S1Hand.tif,/home/s299259068/Área de Trabalho/Projetos/2026/artigo_llm/sen1floods11/HandLabeled/LabelHand/USA_655230_LabelHand.tif,1145,260984,262129,15,0.004368078312586551,0.43680783125865513,NON_WATER
USA_66026,/home/s299259068/Área de Trabalho/Projetos/2026/artigo_llm/sen1floods11/HandLabeled/S1Hand/USA_66026_S1Hand.tif,/home/s299259068/Área de Trabalho/Projetos/2026/artigo_llm/sen1floods11/HandLabeled/LabelHand/USA_66026_LabelHand.tif,987,261154,262141,3,0.0037651492898859774,0.37651492898859773,NON_WATER
USA_664261,/home/s299259068/Área de Trabalho/Projetos/2026/artigo_llm/sen1floods11/HandLabeled/S1Hand/USA_664261_S1Hand.tif,/home/s299259068/Área de Trabalho/Projetos/2026/artigo_llm/sen1floods11/HandLabeled/LabelHand/USA_664261_LabelHand.tif,4815,257300,262115,29,0.018369799515479845,1.8369799515479845,AMBIGUOUS
USA_66511,/home/s299259068/Área de Trabalho/Projetos/2026/artigo_llm/sen1floods11/HandLabeled/S1Hand/USA_66511_S1Hand.tif,/home/s299259068/Área de Trabalho/Projetos/2026/artigo_llm/sen1floods11/HandLabeled/LabelHand/USA_66511_LabelHand.tif,2727,259409,262136,8,0.010402996917630542,1.0402996917630543,AMBIGUOUS
USA_670826,/home/s299259068/Área de Trabalho/Projetos/2026/artigo_llm/sen1floods11/HandLabeled/S1Hand/USA_670826_S1Hand.tif,/home/s299259068/Área de Trabalho/Projetos/2026/artigo_llm/sen1floods11/HandLabeled/LabelHand/USA_670826_LabelHand.tif,3010,259122,262132,12,0.011482764408771154,1.1482764408771153,AMBIGUOUS
USA_67102,/home/s299259068/Área de Trabalho/Projetos/2026/artigo_llm/sen1floods11/HandLabeled/S1Hand/USA_67102_S1Hand.tif,/home/s299259068/Área de Trabalho/Projetos/2026/artigo_llm/sen1floods11/HandLabeled/LabelHand/USA_67102_LabelHand.tif,9491,252600,262091,53,0.03621261317633952,3.6212613176339516,AMBIGUOUS
USA_693819,/home/s299259068/Área de Trabalho/Projetos/2026/artigo_llm/sen1floods11/HandLabeled/S1Hand/USA_693819_S1Hand.tif,/home/s299259068/Área de Trabalho/Projetos/2026/artigo_llm/sen1floods11/HandLabeled/LabelHand/USA_693819_LabelHand.tif,2454,259650,262104,40,0.009362695723834814,0.9362695723834814,NON_WATER
USA_741073,/home/s299259068/Área de Trabalho/Projetos/2026/artigo_llm/sen1floods11/HandLabeled/S1Hand/USA_741073_S1Hand.tif,/home/s299259068/Área de Trabalho/Projetos/2026/artigo_llm/sen1floods11/HandLabeled/LabelHand/USA_741073_LabelHand.tif,3375,258740,262115,29,0.012876027697766248,1.2876027697766248,AMBIGUOUS
USA_741178,/home/s299259068/Área de Trabalho/Projetos/2026/artigo_llm/sen1floods11/HandLabeled/S1Hand/USA_741178_S1Hand.tif,/home/s299259068/Área de Trabalho/Projetos/2026/artigo_llm/sen1floods11/HandLabeled/LabelHand/USA_741178_LabelHand.tif,1446,260671,262117,27,0.005516620440490315,0.5516620440490315,NON_WATER
USA_758178,/home/s299259068/Área de Trabalho/Projetos/2026/artigo_llm/sen1floods11/HandLabeled/S1Hand/USA_758178_S1Hand.tif,/home/s299259068/Área de Trabalho/Projetos/2026/artigo_llm/sen1floods11/HandLabeled/LabelHand/USA_758178_LabelHand.tif,1617,260516,262133,11,0.006168624324293393,0.6168624324293392,NON_WATER
USA_761032,/home/s299259068/Área de Trabalho/Projetos/2026/artigo_llm/sen1floods11/HandLabeled/S1Hand/USA_761032_S1Hand.tif,/home/s299259068/Área de Trabalho/Projetos/2026/artigo_llm/sen1floods11/HandLabeled/LabelHand/USA_761032_LabelHand.tif,12117,250008,262125,19,0.04622603719599428,4.622603719599428,AMBIGUOUS
USA_770353,/home/s299259068/Área de Trabalho/Projetos/2026/artigo_llm/sen1floods11/HandLabeled/S1Hand/USA_770353_S1Hand.tif,/home/s299259068/Área de Trabalho/Projetos/2026/artigo_llm/sen1floods11/HandLabeled/LabelHand/USA_770353_LabelHand.tif,34427,227714,262141,3,0.1313300857172285,13.13300857172285,WATER
USA_778194,/home/s299259068/Área de Trabalho/Projetos/2026/artigo_llm/sen1floods11/HandLabeled/S1Hand/USA_778194_S1Hand.tif,/home/s299259068/Área de Trabalho/Projetos/2026/artigo_llm/sen1floods11/HandLabeled/LabelHand/USA_778194_LabelHand.tif,3838,258232,262070,74,0.014644942191017666,1.4644942191017667,AMBIGUOUS
USA_788696,/home/s299259068/Área de Trabalho/Projetos/2026/artigo_llm/sen1floods11/HandLabeled/S1Hand/USA_788696_S1Hand.tif,/home/s299259068/Área de Trabalho/Projetos/2026/artigo_llm/sen1floods11/HandLabeled/LabelHand/USA_788696_LabelHand.tif,111448,150678,262126,18,0.42516957493724394,42.51695749372439,WATER
USA_806273,/home/s299259068/Área de Trabalho/Projetos/2026/artigo_llm/sen1floods11/HandLabeled/S1Hand/USA_806273_S1Hand.tif,/home/s299259068/Área de Trabalho/Projetos/2026/artigo_llm/sen1floods11/HandLabeled/LabelHand/USA_806273_LabelHand.tif,5787,256344,262131,13,0.022076747885599185,2.2076747885599186,AMBIGUOUS
USA_826217,/home/s299259068/Área de Trabalho/Projetos/2026/artigo_llm/sen1floods11/HandLabeled/S1Hand/USA_826217_S1Hand.tif,/home/s299259068/Área de Trabalho/Projetos/2026/artigo_llm/sen1floods11/HandLabeled/LabelHand/USA_826217_LabelHand.tif,4498,257628,262126,18,0.01715968656295064,1.7159686562950642,AMBIGUOUS
USA_831672,/home/s299259068/Área de Trabalho/Projetos/2026/artigo_llm/sen1floods11/HandLabeled/S1Hand/USA_831672_S1Hand.tif,/home/s299259068/Área de Trabalho/Projetos/2026/artigo_llm/sen1floods11/HandLabeled/LabelHand/USA_831672_LabelHand.tif,20957,241159,262116,28,0.07995315051351311,7.9953150513513105,AMBIGUOUS
USA_84195,/home/s299259068/Área de Trabalho/Projetos/2026/artigo_llm/sen1floods11/HandLabeled/S1Hand/USA_84195_S1Hand.tif,/home/s299259068/Área de Trabalho/Projetos/2026/artigo_llm/sen1floods11/HandLabeled/LabelHand/USA_84195_LabelHand.tif,3811,258326,262137,7,0.014538199491105797,1.4538199491105797,AMBIGUOUS
USA_86502,/home/s299259068/Área de Trabalho/Projetos/2026/artigo_llm/sen1floods11/HandLabeled/S1Hand/USA_86502_S1Hand.tif,/home/s299259068/Área de Trabalho/Projetos/2026/artigo_llm/sen1floods11/HandLabeled/LabelHand/USA_86502_LabelHand.tif,66362,195770,262132,12,0.2531625288022828,25.31625288022828,WATER
USA_905409,/home/s299259068/Área de Trabalho/Projetos/2026/artigo_llm/sen1floods11/HandLabeled/S1Hand/USA_905409_S1Hand.tif,/home/s299259068/Área de Trabalho/Projetos/2026/artigo_llm/sen1floods11/HandLabeled/LabelHand/USA_905409_LabelHand.tif,44467,217632,262099,45,0.16965726691059485,16.965726691059483,WATER
USA_908474,/home/s299259068/Área de Trabalho/Projetos/2026/artigo_llm/sen1floods11/HandLabeled/S1Hand/USA_908474_S1Hand.tif,/home/s299259068/Área de Trabalho/Projetos/2026/artigo_llm/sen1floods11/HandLabeled/LabelHand/USA_908474_LabelHand.tif,1846,260225,262071,73,0.007043892685569941,0.704389268556994,NON_WATER
USA_933610,/home/s299259068/Área de Trabalho/Projetos/2026/artigo_llm/sen1floods11/HandLabeled/S1Hand/USA_933610_S1Hand.tif,/home/s299259068/Área de Trabalho/Projetos/2026/artigo_llm/sen1floods11/HandLabeled/LabelHand/USA_933610_LabelHand.tif,3823,258204,262027,117,0.01459009949356364,1.459009949356364,AMBIGUOUS
USA_955053,/home/s299259068/Área de Trabalho/Projetos/2026/artigo_llm/sen1floods11/HandLabeled/S1Hand/USA_955053_S1Hand.tif,/home/s299259068/Área de Trabalho/Projetos/2026/artigo_llm/sen1floods11/HandLabeled/LabelHand/USA_955053_LabelHand.tif,35838,226302,262140,4,0.13671320668345158,13.671320668345158,WATER
USA_986268,/home/s299259068/Área de Trabalho/Projetos/2026/artigo_llm/sen1floods11/HandLabeled/S1Hand/USA_986268_S1Hand.tif,/home/s299259068/Área de Trabalho/Projetos/2026/artigo_llm/sen1floods11/HandLabeled/LabelHand/USA_986268_LabelHand.tif,9092,253031,262123,21,0.03468600618793467,3.4686006187934675,AMBIGUOUS
USA_994009,/home/s299259068/Área de Trabalho/Projetos/2026/artigo_llm/sen1floods11/HandLabeled/S1Hand/USA_994009_S1Hand.tif,/home/s299259068/Área de Trabalho/Projetos/2026/artigo_llm/sen1floods11/HandLabeled/LabelHand/USA_994009_LabelHand.tif,1897,260121,262018,126,0.007239960613392973,0.7239960613392973,NON_WATER
