image_id,event,class,class_id,split,vv_mean,vv_std,vv_min,vv_max,vv_median,vv_p10,vv_p25,vv_p75,vv_p90,vh_mean,vh_std,vh_min,vh_max,vh_median,vh_p10,vh_p25,vh_p75,vh_p90,vv_minus_vh_mean,vv_minus_vh_std,vv_minus_vh_median,vv_div_vh_mean,vv_div_vh_std,vv_div_vh_median
Ghana_103272,Ghana,NON_WATER,0,train,-9.208066352920177,2.261973842681123,-39.31133270263672,8.586925506591797,-9.068047523498535,-11.802356719970703,-10.447298765182495,-7.767399549484253,-6.651291799545287,-15.214207996991718,2.5052811340561605,-47.37702941894531,-1.3846466541290283,-14.982624053955078,-17.94575309753418,-16.452526569366455,-13.64973783493042,-12.51779842376709,6.0061416440715405,2.7430755282722536,5.964728593826294,0.6135244974477739,0.15353704760512177,0.6028676934548524
Ghana_1033830,Ghana,WATER,1,train,-11.234260085882852,3.9141136367308027,-36.25850296020508,-1.369239330291748,-10.351929664611816,-16.975363159179686,-13.747944593429565,-8.273556232452393,-6.902464485168457,-17.63631181738856,4.775466692767818,-47.46397399902344,-7.660024642944336,-16.43076515197754,-24.31349411010742,-20.054811477661133,-14.231380462646484,-12.769877052307129,6.402051731505708,3.200097029587943,6.21379280090332,0.6386383838706161,0.15018566107414358,0.6336779972840125
Ghana_1078550,Ghana,NON_WATER,0,train,-9.804059482856928,2.123030527392742,-21.302204132080078,-0.6199936270713806,-9.765882015228271,-12.527342319488525,-11.188558578491211,-8.376768112182617,-7.139517736434936,-16.405696011861437,2.1135040847780435,-33.612953186035156,-6.918473720550537,-16.298986434936523,-19.127896881103517,-17.742022037506104,-14.956242322921753,-13.810014629364014,6.601636529004509,2.781213289109693,6.565688610076904,0.6052174379037588,0.14438629902438754,0.5962218719943098
Ghana_11745,Ghana,NON_WATER,0,train,-9.181268817127602,1.9628012711740832,-22.41020393371582,-1.5771209001541138,-9.105361461639404,-11.726956462860107,-10.457801342010498,-7.8222445249557495,-6.722622299194335,-15.392519873619676,2.0635746393664647,-30.262853622436523,-7.6068902015686035,-15.288589000701904,-18.07105083465576,-16.700523376464844,-13.969495058059692,-12.842599868774414,6.211251056492074,2.6283086931457755,6.2046027183532715,0.6047359679238515,0.1437664147923756,0.5936906628546661
Ghana_124834,Ghana,NON_WATER,0,train,-9.315675163154538,2.009634532268518,-20.214859008789062,-0.8555722832679749,-9.244118690490723,-11.91990385055542,-10.626653671264648,-7.927950739860535,-6.798393297195434,-15.778768696010957,2.0727857810597214,-30.869009017944336,-8.633987426757812,-15.660964965820312,-18.47079792022705,-17.09333896636963,-14.341893672943115,-13.21386137008667,6.463093532856419,2.6606443318575583,6.437268495559692,0.5980794893451759,0.14183257509306083,0.5883591141595896
Ghana_128663,Ghana,NON_WATER,0,train,-8.538221361489018,2.0212344573603094,-33.372314453125,7.974895477294922,-8.450881004333496,-11.091911792755127,-9.800986528396606,-7.177988171577454,-6.076336622238159,-14.799585761841003,2.110734201812397,-47.39174270629883,-6.1559648513793945,-14.665931701660156,-17.446657180786133,-16.06269645690918,-13.358504295349121,-12.27159309387207,6.261364400351985,2.7281396690917825,6.212152481079102,0.5863505518047729,0.15317591091318894,0.5755985598382312
Ghana_132163,Ghana,NON_WATER,0,train,-8.342558840102551,2.7137494407406075,-32.040138244628906,22.991493225097656,-8.459881782531738,-11.291143226623534,-9.919610023498535,-6.98128342628479,-5.459839248657223,-14.731028343107546,2.4087733387152137,-46.01615524291992,11.744241714477539,-14.630313873291016,-17.579952812194826,-16.118192672729492,-13.24461579322815,-12.024589920043946,6.388469503004995,2.9817271800908824,6.26664137840271,0.5818049319577461,8.146780791380172,0.573878722281957
Ghana_134751,Ghana,NON_WATER,0,train,-8.56779756542349,1.9231195268002546,-19.562410354614258,-1.6273949146270752,-8.48949146270752,-11.06841983795166,-9.825060367584229,-7.242372274398804,-6.163320541381835,-14.560406115337226,2.1044302438288556,-27.34563636779785,-7.688567638397217,-14.4210786819458,-17.267435455322264,-15.866304397583008,-13.101322650909424,-11.988759231567382,5.992608549913737,2.737760978633881,5.963088035583496,0.5992050096470142,0.15579011459741607,0.5848168793370102
Ghana_141271,Ghana,NON_WATER,0,train,-9.331011479067602,2.152260889729373,-21.823841094970703,4.748376369476318,-9.265207290649414,-12.108938217163086,-10.723104000091553,-7.868409156799316,-6.653039073944091,-16.137448580413547,2.148488201774219,-30.93682289123535,-7.106031894683838,-16.015114784240723,-18.928281211853026,-17.483821868896484,-14.656344413757324,-13.50404977798462,6.806437101345946,2.765417789507457,6.774794578552246,0.5854215657498334,0.1451272512929996,0.5764856496868984
Ghana_141910,Ghana,WATER,1,train,-13.331740765986513,5.338881225082356,-47.00370407104492,1.2820369005203247,-12.21547555923462,-21.046476364135742,-17.617790699005127,-9.1418297290802,-7.145105743408203,-21.393936351543744,6.213351786226738,-52.01399230957031,-7.835407733917236,-20.05160617828369,-29.604780006408692,-25.09666109085083,-16.75749397277832,-14.702887439727782,8.06219558555723,4.228628022956621,7.6375861167907715,0.6204663273602725,0.1692130237227341,0.6238574247168363
Ghana_142312,Ghana,NON_WATER,0,train,-9.727821414702703,1.974941350738686,-24.167490005493164,-1.3450714349746704,-9.66002082824707,-12.288186931610108,-11.007750749588013,-8.376955509185791,-7.263767766952514,-16.40509960041527,2.1477734811579983,-41.9868278503418,-8.663284301757812,-16.268725395202637,-19.163807106018066,-17.731285572052002,-14.926063299179077,-13.78958749771118,6.6772781857125665,2.7269802496867057,6.64285135269165,0.6010411963358534,0.13734978566441403,0.5908998148350093
Ghana_144050,Ghana,NON_WATER,0,train,-10.27854207237506,2.0667061553542037,-22.17821502685547,1.352729320526123,-10.21419906616211,-12.94380350112915,-11.612242221832275,-8.87770700454712,-7.714348363876343,-16.66223582825478,2.237998687787632,-33.035343170166016,-8.136757850646973,-16.527594566345215,-19.563847732543945,-18.0575852394104,-15.108895540237427,-13.923307704925536,6.383693755879719,2.7909953380264128,6.33411979675293,0.6252976525901814,0.140210369407212,0.6162725686032067
Ghana_146222,Ghana,NON_WATER,0,train,-8.730420457109517,1.9146358008395086,-18.969100952148438,-0.34680506587028503,-8.66538381576538,-11.214578437805176,-9.97012186050415,-7.418535470962524,-6.334422063827514,-14.748420379251911,1.921547343286984,-25.991682052612305,-6.960108757019043,-14.656487464904785,-17.250417137145995,-15.981305122375488,-13.42003321647644,-12.365621185302734,6.017999922142394,2.5898697004052145,6.011459827423096,0.6005939048868892,0.14871186746123183,0.5892405690882979
Ghana_154838,Ghana,NON_WATER,0,train,-9.333635915485957,2.138709409855833,-21.893796920776367,-0.7746400237083435,-9.234525680541992,-12.131531715393066,-10.710017204284668,-7.848986268043518,-6.673260021209717,-15.1810633164514,2.12590892766891,-33.114044189453125,-7.571880340576172,-15.0633544921875,-17.93295841217041,-16.518670558929443,-13.709485054016113,-12.572947788238524,5.847427400965444,2.774374357318082,5.813727855682373,0.6238803099461675,0.15646147184952336,0.6128541519037343
Ghana_156478,Ghana,NON_WATER,0,train,-9.180354992112754,1.9516283893885507,-19.7031192779541,0.6663958430290222,-9.110877990722656,-11.720699977874755,-10.44710087776184,-7.833860516548157,-6.742939472198486,-15.210952900200937,2.064461764441126,-28.585163116455078,-7.053567886352539,-15.112287998199463,-17.8847074508667,-16.522849082946777,-13.780696392059326,-12.651116275787354,6.030597908088183,2.645138245852479,6.015753984451294,0.6123989364097802,0.14649695892969722,0.6009838019198884
Ghana_161233,Ghana,NON_WATER,0,train,-10.164979171306777,2.2921913676102488,-41.0362434387207,-1.133704662322998,-10.083750247955322,-13.085576343536378,-11.61975884437561,-8.622300148010254,-7.330453968048095,-16.428715325141727,2.375013637034361,-49.955928802490234,-8.468496322631836,-16.241196632385254,-19.448794174194337,-17.838685512542725,-14.805630922317505,-13.612064552307128,6.263736153834951,3.135513291079835,6.132513999938965,0.6295911762551122,0.15954046514375164,0.6211349912330324
Ghana_167233,Ghana,NON_WATER,0,train,-9.353737870480472,1.9539589148328391,-19.406476974487305,-1.4234942197799683,-9.277411460876465,-11.894709587097168,-10.622225999832153,-8.002342462539673,-6.911568021774292,-15.698815209920213,2.0592459517782147,-31.703296661376953,-7.901623249053955,-15.589857578277588,-18.375438117980956,-17.008314609527588,-14.280223608016968,-13.157835483551025,6.34507733943974,2.642465154173234,6.322983741760254,0.6039491844416732,0.14098992739862762,0.593474428201638
Ghana_168875,Ghana,NON_WATER,0,train,-8.037050596951872,1.851830175407361,-18.17755889892578,-0.33255019783973694,-7.965227127075195,-10.442595958709717,-9.229740381240845,-6.757410287857056,-5.728447532653808,-14.106663193831992,1.9627228326699309,-27.50217056274414,-6.669896602630615,-13.99341344833374,-16.665279960632326,-15.349783897399902,-12.743857860565186,-11.68509283065796,6.06961259688012,2.6333223374237456,6.050260782241821,0.5799618164143473,0.1544570926556088,0.5669710044579379
Ghana_187318,Ghana,NON_WATER,0,train,-9.152618782218156,1.9814015516217014,-24.8123836517334,-0.4809912145137787,-9.087421894073486,-11.71203966140747,-10.435422897338867,-7.799949645996094,-6.676795768737793,-15.346022957606692,2.1086456083289895,-28.88812828063965,-7.278665065765381,-15.236984252929688,-18.073401641845702,-16.682806491851807,-13.889209985733032,-12.748268127441406,6.193404175388537,2.6673371177103267,6.166297912597656,0.6050614233721142,0.14596100938857867,0.5941852158509355
Ghana_194723,Ghana,NON_WATER,0,train,-8.890314276049168,1.9582108319285805,-31.465248107910156,1.7929918766021729,-8.803646087646484,-11.42816162109375,-10.147496223449707,-7.545006513595581,-6.468596458435059,-14.904196746152593,2.078685401424939,-37.3897705078125,-7.1728363037109375,-14.781469821929932,-17.600516891479494,-16.20168447494507,-13.46622347831726,-12.361906623840332,6.013882470103425,2.6706335116347804,5.982575416564941,0.6058910886831388,0.15002451652760934,0.5943025023068433
Ghana_247288,Ghana,WATER,1,train,-10.116081825757032,4.049762038036958,-41.867149353027344,10.29537296295166,-9.11741828918457,-15.62159996032715,-11.290980339050293,-7.561857223510742,-6.340382766723632,-15.993131986273571,4.283784298912404,-47.50373077392578,1.4361077547073364,-14.93253231048584,-21.537318038940427,-17.163354873657227,-13.343618392944336,-12.10444164276123,5.877050160516539,2.9251937577242604,5.8007049560546875,0.6306456113899072,0.16816277124384132,0.6209975481823785
Ghana_24858,Ghana,NON_WATER,0,train,-9.102898643546155,1.8912222622650259,-21.869802474975586,2.3687150478363037,-9.027965545654297,-11.557716560363769,-10.328268051147461,-7.793504357337952,-6.742887783050537,-15.185303514901534,1.9477411412697136,-27.676944732666016,-5.7996625900268555,-15.09123706817627,-17.71088695526123,-16.434929370880127,-13.835954666137695,-12.765178298950195,6.082404871355379,2.594361711880384,6.06742787361145,0.6080251873466429,0.1440264402821777,0.596910590546315
Ghana_264787,Ghana,NON_WATER,0,train,-8.94646010291649,1.999999892910686,-21.75059700012207,-0.7550718784332275,-8.876598834991455,-11.549703884124757,-10.24014949798584,-7.569513440132141,-6.445573472976684,-14.974971865629414,2.00293743752667,-27.1519718170166,-6.6780009269714355,-14.884846210479736,-17.574570846557616,-16.258753299713135,-13.585796594619751,-12.488537788391113,6.028511762712924,2.603014354178884,6.013358116149902,0.6054116352788159,0.14813499516764572,0.5945878761830821
Ghana_319168,Ghana,WATER,1,train,-10.382733554593983,3.4897216780719886,-33.995445251464844,0.48615479469299316,-9.717216491699219,-14.867297840118407,-11.725173234939575,-8.135661840438843,-6.845748186111449,-17.090987460738233,4.016936990009189,-47.36772918701172,-0.6350928544998169,-16.12626838684082,-22.785703277587892,-18.754567623138428,-14.380805015563965,-13.058809661865235,6.70825390614425,3.247695706036764,6.511155605316162,0.6128687257798758,0.15932832727561796,0.6053618658895452
Ghana_45911,Ghana,NON_WATER,0,train,-8.218114249045357,1.9244845080935054,-18.769611358642578,-0.43767839670181274,-8.134273052215576,-10.724628257751466,-9.453141927719116,-6.880033373832703,-5.821762752532958,-13.9855976070412,2.000953157575402,-25.849567413330078,-5.88416862487793,-13.893353939056396,-16.584108543395995,-15.2625892162323,-12.599546909332275,-11.501070594787597,5.767483357995843,2.6586750475335887,5.750419855117798,0.5981605656324692,0.1596898461523582,0.5844367679978605
Ghana_49890,Ghana,NON_WATER,0,train,-9.66520793922291,2.000311804672655,-20.357154846191406,-1.0393366813659668,-9.598865509033203,-12.256139183044432,-10.967432975769043,-8.290762662887573,-7.163204479217529,-16.151785008012666,2.101420247781187,-33.13071823120117,-8.277268409729004,-16.05198574066162,-18.86464614868164,-17.485946655273438,-14.711397171020508,-13.545837783813477,6.486577068789757,2.6876769114063466,6.465543746948242,0.6062463939357258,0.13966484674283952,0.5961960462174168
Ghana_53713,Ghana,NON_WATER,0,train,-9.879926885695113,2.116041080661659,-20.834808349609375,-0.36368072032928467,-9.815901756286621,-12.615567016601561,-11.263921737670898,-8.431116342544556,-7.2232430934906,-16.748864268480247,2.169549868916519,-31.463926315307617,-8.686059951782227,-16.63331890106201,-19.566253662109375,-18.11820125579834,-15.260548114776611,-14.077383995056152,6.868937382785134,2.7582895565954977,6.836562156677246,0.5969805938688886,0.13861827218872894,0.5885999119196961
Ghana_61925,Ghana,NON_WATER,0,train,-8.986480426630806,2.0861775727351324,-35.04561996459961,-1.0659159421920776,-8.902217864990234,-11.638549041748046,-10.29697847366333,-7.556977272033691,-6.413349723815918,-14.789854674476373,2.179496839539348,-51.49372863769531,-6.789277076721191,-14.684328556060791,-17.52560214996338,-16.12881326675415,-13.312458038330078,-12.140535163879395,5.803374247845568,2.673821285782453,5.78258490562439,0.6165044365060093,0.15365571747940557,0.6049177919437507
Ghana_7496,Ghana,NON_WATER,0,train,-9.026316615593714,1.9842238789519229,-19.681922912597656,-1.176804542541504,-8.956662654876709,-11.59862756729126,-10.313847303390503,-7.659914493560791,-6.553177404403686,-14.956784080832222,2.0316868224766513,-30.300926208496094,-6.545165061950684,-14.854235649108887,-17.610758209228514,-16.25020456314087,-13.549302339553833,-12.443251037597657,5.930467465238507,2.6366444558922773,5.917548179626465,0.6121679317632731,0.1496188442521473,0.6006634267921029
Ghana_8090,Ghana,NON_WATER,0,train,-9.138766448539627,1.9527905616956271,-19.748449325561523,-0.8957521915435791,-9.071772575378418,-11.672400283813475,-10.412873983383179,-7.789868235588074,-6.683830785751343,-15.025971018418204,1.9695647929679225,-28.558345794677734,-7.834022045135498,-14.940245151519775,-17.576980972290038,-16.28918218612671,-13.666462898254395,-12.571282291412354,5.887204569878577,2.602279360281054,5.871804237365723,0.61668149492811,0.14741533310339902,0.6060975800869484
Ghana_83200,Ghana,NON_WATER,0,train,-8.746578625559323,2.0951875619785656,-22.962343215942383,-0.4719741940498352,-8.676889896392822,-11.431263256072997,-10.089039325714111,-7.326054811477661,-6.140534400939941,-15.711743113137345,2.2106762845040664,-41.793609619140625,-8.266036987304688,-15.568633079528809,-18.488363647460936,-17.036505222320557,-14.204432964324951,-13.04741344451904,6.965164487578022,2.9330365899626396,6.8737571239471436,0.5664486812824179,0.15226066620729994,0.5581321301578509
Ghana_866994,Ghana,WATER,1,train,-16.517039855607095,5.081579325944198,-47.27793884277344,7.897639751434326,-17.935153007507324,-22.07232551574707,-20.192090034484863,-11.958291292190552,-8.805841255187987,-27.775727575348355,9.59279868178459,-56.69415283203125,-7.8792266845703125,-27.870444297790527,-41.66160659790039,-33.465986251831055,-19.979285717010498,-14.598313999176025,11.25868771974126,6.997992130365337,9.699769973754883,0.6163354949732998,0.14713769083744263,0.6110240298744265
Ghana_868803,Ghana,WATER,1,train,-12.963577318378825,4.898380023024793,-42.78726577758789,1.5702232122421265,-11.627306461334229,-20.613479995727538,-15.959548950195312,-9.296475410461426,-7.772095203399657,-20.150887459338264,5.974258950139363,-53.264976501464844,-7.458230972290039,-18.632845878601074,-28.290926551818846,-23.401408195495605,-15.729612827301025,-14.041583061218262,7.18731014095944,3.8231165835872187,6.8453264236450195,0.6438211430340576,0.15281442172935175,0.638573502792147
Ghana_97059,Ghana,NON_WATER,0,train,-8.111554822540256,1.9200009925119081,-26.313440322875977,-0.7885403633117676,-8.016319751739502,-10.574759101867675,-9.335363864898682,-6.796047687530518,-5.737976884841919,-14.094406475564028,2.018166096261873,-44.361087799072266,-6.3158769607543945,-13.983629703521729,-16.655881881713867,-15.340326309204102,-12.71346139907837,-11.642172527313232,5.982851653023772,2.6247368534610174,5.961919546127319,0.5852845362899496,0.15523605167125132,0.5721884792664429
Ghana_97516,Ghana,NON_WATER,0,train,-10.76539371093213,2.2589057074379824,-32.78690719604492,0.6991075873374939,-10.637939929962158,-13.551453971862793,-12.112090110778809,-9.251490831375122,-8.068726253509519,-17.131806052750107,2.429427329976034,-47.023780822753906,-7.449826717376709,-16.951946258544922,-20.129211616516113,-18.5274338722229,-15.501409769058228,-14.278792572021484,6.366412341817977,2.737640413864485,6.336205959320068,0.6353564768543746,0.1361036504759875,0.626362612993862
India_1017769,India,WATER,1,train,-15.863529775477737,6.302379533956204,-50.74601745605469,1.4039870500564575,-16.565935134887695,-23.608361434936523,-20.750749588012695,-10.069987058639526,-7.736342525482177,-23.193882136087268,7.8784130228202836,-53.53538131713867,-6.851314067840576,-23.46718692779541,-32.71596069335937,-27.71563482284546,-16.1889705657959,-13.485553741455078,7.330352360609531,5.786857889582344,6.61379337310791,0.688650304161857,0.1920289701913613,0.6749216847149843
India_1018317,India,WATER,1,train,-18.74232944089011,7.398099915978337,-47.723121643066406,8.057482719421387,-21.09550666809082,-26.716750144958496,-24.25429105758667,-11.92882227897644,-7.7037615776061985,-25.560491985556382,7.713133900289318,-56.850257873535156,-0.7512606382369995,-26.30476474761963,-34.488332748413086,-29.949851036071777,-19.506628036499023,-14.63041582107544,6.818162544666274,5.503273253940461,6.4602251052856445,0.7231321620231681,0.2061057494432927,0.724177854734109
India_1018327,India,WATER,1,train,-9.11383458163842,4.107647464614323,-48.30550003051758,21.734254837036133,-8.61581802368164,-13.629779052734374,-10.68907642364502,-6.753087520599365,-5.0878174781799315,-15.635553277098168,4.0299420176914555,-48.32838821411133,7.1483941078186035,-15.058421611785889,-20.62083797454834,-17.52873945236206,-12.99695873260498,-11.383431816101075,6.521718695459748,3.3064315247736795,6.42979884147644,0.5764860213907728,1.2983414993327749,0.5735532540658286
India_103447,India,WATER,1,train,-10.408669875713251,4.113926833345871,-35.024864196777344,12.600322723388672,-9.557402610778809,-16.668289947509766,-11.882527828216553,-7.756613612174988,-6.257413482666014,-17.75279891296765,5.105162361135056,-48.52445983886719,7.414898872375488,-16.476463317871094,-25.278958892822263,-19.603400230407715,-14.388993263244629,-12.773646640777587,7.3441290372543975,3.6180299964065865,7.068477630615234,0.5883870386403893,0.20033672768820074,0.5793808435486567
India_1050276,India,WATER,1,train,-9.835447462518452,3.5459070231627434,-30.722150802612305,16.914295196533203,-9.388016700744629,-14.336558532714843,-11.609803438186646,-7.51564085483551,-5.928367662429807,-16.910787973676335,4.007362974718009,-48.08401107788086,4.926021575927734,-16.2503023147583,-22.419280433654784,-19.056774616241455,-14.121240615844727,-12.494402503967285,7.075340511157884,3.297367720098114,6.923611640930176,0.58617952009999,0.9125831587822127,0.5791521340780448
India_1068117,India,WATER,1,train,-9.619064350764083,4.796291532918405,-48.23322677612305,17.87894630432129,-8.694131851196289,-16.285754013061524,-11.147298812866211,-6.755532264709473,-5.077802419662475,-16.333587637194537,4.6981140018326775,-49.90521240234375,10.780976295471191,-15.47099781036377,-22.463186836242677,-18.3382568359375,-13.296852111816406,-11.589559555053711,6.714523286430453,3.4046911321900866,6.659250736236572,0.56876309118437,5.078831148910709,0.5700206233127685
India_136196,India,NON_WATER,0,train,-8.071499869904965,4.348045832159139,-31.234445571899414,8.933173179626465,-7.982369661331177,-13.659353446960449,-10.89288330078125,-5.150525689125061,-2.6016414165496826,-14.709855385242719,4.034011748636799,-47.74314498901367,0.11700110137462616,-14.58593225479126,-19.83849391937256,-17.268950939178467,-12.00779390335083,-9.706842041015625,6.638355515337753,2.7854283990937083,6.605075836181641,0.5181412128470718,0.3155552003310425,0.5435049503157233
India_164336,India,NON_WATER,0,train,-8.03361688907161,3.4453481583140797,-23.524127960205078,13.94088077545166,-8.39204454421997,-12.097207736968993,-10.383414030075073,-5.928006410598755,-3.297617578506468,-14.825428430073003,3.5820997363109597,-43.072853088378906,7.236952781677246,-14.95407247543335,-19.247418785095213,-17.240392684936523,-12.410794496536255,-10.121551036834717,6.791811541001395,2.8708413822877383,6.730574905872345,0.5307526482032195,0.33033004360671997,0.5440735608958305
India_177319,India,NON_WATER,0,train,-7.703703512230015,2.996990062538301,-22.91071891784668,10.506058692932129,-7.70235013961792,-11.524472999572755,-9.671188354492188,-5.702158451080322,-3.866863727569579,-14.047301848480613,2.9406682024767887,-36.461116790771484,4.103365898132324,-13.939538955688477,-17.838350296020508,-15.915863990783691,-12.050479888916016,-10.386763572692871,6.343598336250599,2.74063672738086,6.32191276550293,0.5457857549356376,0.21697761410843203,0.5457069410457053
India_180633,India,WATER,1,train,-12.972335989642964,6.331204690918423,-47.91963195800781,10.842442512512207,-10.61202335357666,-22.463424491882325,-18.73017120361328,-8.087031602859497,-6.4324853897094725,-19.962258875148905,7.596059016372171,-47.92287063598633,4.501889228820801,-17.23753261566162,-30.182757377624508,-25.412206172943115,-14.005402326583862,-12.270755958557128,6.9899228855059405,4.558085451722746,6.491851806640625,0.6428357635927826,0.18557246245786863,0.6311413133640587
India_207862,India,WATER,1,train,-9.026314239375232,3.562990098528354,-30.213293075561523,18.246971130371094,-8.797456741333008,-13.670839023590087,-11.182207107543945,-6.65312659740448,-4.779726696014404,-15.737084769760123,3.979082478474411,-47.67412185668945,9.74384593963623,-15.179750919342041,-21.14886932373047,-18.11204957962036,-12.92854905128479,-11.21576280593872,6.710770530384891,3.0855928128148102,6.610927581787109,0.5658194067075872,3.3800974571773934,0.5719491821117549
India_244057,India,NON_WATER,0,train,-5.9266237295235955,4.5839336845604475,-33.47003173828125,9.394251823425293,-5.731189250946045,-11.992660522460938,-9.06508493423462,-2.661534547805786,-0.08684711083769489,-12.812427855253215,4.218152474093659,-47.95560836791992,1.8859844207763672,-12.644766807556152,-18.29835948944092,-15.607112646102905,-9.879626512527466,-7.496685409545896,6.885804125729618,2.730872054565493,6.869482040405273,0.39790474569536344,0.8076943065475173,0.45394445988688487
India_285297,India,WATER,1,train,-9.770485866764222,3.7676912591954412,-40.93282699584961,19.613025665283203,-9.394506454467773,-14.496906280517578,-11.761647462844849,-7.355652451515198,-5.614261531829833,-16.860261861886443,4.387218404926322,-47.662391662597656,12.022953987121582,-16.31244945526123,-22.6084264755249,-19.468311309814453,-13.776658535003662,-11.916243743896484,7.089775995122219,3.2675742602761946,6.94632625579834,0.582994967954788,1.3382428055360427,0.5754949522771696
India_287642,India,WATER,1,train,-10.550055196158056,4.044059765433001,-29.61748695373535,9.789983749389648,-9.968328952789307,-16.271071434020996,-12.88570261001587,-7.723865032196045,-5.966035270690916,-18.342004672575968,4.485264680971009,-47.56338882446289,-3.32016658782959,-17.732189178466797,-24.399934196472167,-21.10604190826416,-15.035615682601929,-13.14104709625244,7.791949476417911,3.417770749475579,7.601414680480957,0.5733846384144634,0.16526205599934024,0.571863720058855
India_373039,India,NON_WATER,0,train,-8.260323411555737,5.574218170827796,-28.684608459472656,8.62438678741455,-8.557302474975586,-15.344319725036621,-12.245975732803345,-4.239785313606262,-0.5649643838405584,-14.70453197859017,5.175238155818841,-47.620601654052734,2.1634349822998047,-14.915380477905273,-21.186657905578613,-18.32754421234131,-11.100395202636719,-7.669864845275878,6.4442085670344325,2.7838602765072538,6.419708728790283,0.48812679327015984,2.843033661421953,0.5639442060165679
India_383430,India,WATER,1,train,-8.815081035071774,3.4743891420263013,-44.11168670654297,15.132442474365234,-8.285856246948242,-12.353853702545166,-10.078628540039062,-6.743585109710693,-5.432668781280517,-14.821039942602951,3.5536058309411587,-48.09110641479492,7.660780429840088,-14.247261047363281,-19.0070499420166,-16.314810276031494,-12.543943643569946,-11.175973892211914,6.005958907531177,3.0271917364556384,5.9318366050720215,0.596414811412212,0.47731111677304855,0.5856539915763198
India_391908,India,WATER,1,train,-9.233144652641716,3.152674207701816,-31.256975173950195,10.478002548217773,-8.868661403656006,-12.636119079589843,-10.64129090309143,-7.266054034233093,-5.897324419021606,-16.028884824976586,3.4747939655489812,-48.20242691040039,1.5298054218292236,-15.580737113952637,-20.262508583068847,-17.734575748443604,-13.707411527633667,-12.192218112945556,6.79574017233487,3.062570906949679,6.734266519546509,0.5817092748959275,0.4836506565192527,0.5706256117230984
India_399883,India,WATER,1,train,-15.446122096943668,6.479384726234323,-48.932979583740234,0.924241840839386,-15.590498447418213,-23.629289436340333,-20.92219591140747,-9.516572713851929,-7.282563447952269,-21.86824037713268,7.759391319844484,-56.64678192138672,-4.948674201965332,-22.621871948242188,-31.191801071166992,-26.987189769744873,-14.729609727859497,-12.474813556671142,6.422118280189011,5.10329182779494,5.803284645080566,0.7063294437435803,0.1875794546353149,0.699772219355278
India_44475,India,NON_WATER,0,train,-6.971156814606498,3.123447661955061,-24.184703826904297,5.990004062652588,-6.969378232955933,-10.95111312866211,-9.04884648323059,-4.849405288696289,-2.9825957059860224,-13.324892148822073,2.993705145776277,-45.035789489746094,0.3613256812095642,-13.285480499267578,-17.13114490509033,-15.255056858062744,-11.331805944442749,-9.552567195892333,6.353735334215575,2.66461737956107,6.337342262268066,0.5143105893189514,0.20747038483297736,0.5203739839655152
India_500266,India,WATER,1,train,-9.254982156809872,2.799213182761504,-27.738290786743164,13.66256332397461,-9.116117477416992,-12.705403327941895,-10.89124584197998,-7.442997932434082,-5.9599395275115965,-16.799856244412425,3.6377117536391697,-46.984840393066406,5.407844543457031,-16.378161430358887,-21.66270866394043,-18.955747604370117,-14.235228538513184,-12.572373390197754,7.544874087602553,3.3645406879676987,7.381022930145264,0.5588089342772141,0.4621522183419615,0.5505229272086944
India_533192,India,WATER,1,train,-11.70023553554993,5.448635504760122,-87.50163269042969,12.194382667541504,-10.085774421691895,-19.403196144104005,-15.830949544906616,-7.640739917755127,-6.02371072769165,-19.28412745498374,7.252108350537972,-87.50163269042969,7.255858421325684,-17.16001605987549,-28.285444450378417,-23.551921844482422,-13.94701623916626,-12.098344802856445,7.58389191943381,4.890753805861296,6.974693775177002,0.6066065046180981,0.4533343337313658,0.5971681151498016
India_56450,India,NON_WATER,0,train,-7.82311896529141,3.6277670569271145,-24.93910789489746,17.049142837524414,-7.821139812469482,-12.520286178588867,-10.37090253829956,-5.25135338306427,-3.0886244535446163,-14.298037946514789,3.493539365616236,-36.1848030090332,9.9008207321167,-14.241933822631836,-18.827695083618163,-16.70674419403076,-11.817134380340576,-9.80947141647339,6.474918981223379,2.734207465348094,6.442684650421143,0.535435560847188,0.8514634420634724,0.5461396641637607
India_591317,India,WATER,1,train,-14.428080030754934,7.560914054365628,-49.67542266845703,10.636155128479004,-11.64286184310913,-24.466669273376464,-21.59604501724243,-7.993800520896912,-5.998381996154785,-20.82319356822677,8.138568717060549,-53.18480682373047,-0.548915445804596,-18.428001403808594,-31.275441551208495,-26.63546895980835,-14.058784484863281,-12.079601192474366,6.395113537471836,4.808164216696247,6.0566816329956055,0.6726277201710343,0.21146905055543952,0.6654066453854841
India_59460,India,NON_WATER,0,train,-7.794496163426787,4.044376621120778,-28.737777709960938,9.932669639587402,-7.841872930526733,-12.967552280426025,-10.613130807876587,-4.993134379386902,-2.516127824783325,-14.095084059689498,3.7672438949500515,-42.24137496948242,4.643434047698975,-14.074424266815186,-18.887392807006837,-16.61209535598755,-11.492187976837158,-9.278168964385985,6.30058789626271,2.7430609910180768,6.282680988311768,0.5266460015918648,0.2492893090070867,0.5504931697920539
India_631692,India,NON_WATER,0,train,-7.058556764575346,2.461170777129115,-24.175580978393555,2.5097672939300537,-7.0101213455200195,-10.208893966674804,-8.658761739730835,-5.392363548278809,-3.9548707723617547,-13.763167490176784,2.4022770708750887,-29.22733497619629,-4.457502841949463,-13.67214298248291,-16.841662788391112,-15.288231611251831,-12.128446817398071,-10.77443265914917,6.704610725601437,2.6797469865722063,6.688785076141357,0.5161202662410048,0.17217395334913743,0.5098554630091808
India_747992,India,WATER,1,train,-10.927324590896728,3.933049868908381,-38.07270812988281,9.851446151733398,-10.32689905166626,-16.48984565734863,-13.098825931549072,-8.244386196136475,-6.548438024520873,-18.95465854923168,4.7258622241273915,-47.86728286743164,-1.39195716381073,-18.476173400878906,-24.85031204223633,-21.729440212249756,-15.556249141693115,-13.423151302337645,8.027333958334953,3.7696829774919918,7.793155193328857,0.5785734725352768,0.163219663242221,0.5711526126744151
India_772630,India,NON_WATER,0,train,-6.752565218122735,5.533691720430831,-29.494007110595703,11.588814735412598,-7.022571086883545,-13.819882106781005,-10.845632553100586,-2.570702314376831,0.8246894955635105,-13.420560067673252,5.087784045239388,-47.682125091552734,1.9575787782669067,-13.635409355163574,-19.851875495910644,-17.09624147415161,-9.688628196716309,-6.5156511783599855,6.667994849550517,2.764717574988348,6.668746829032898,0.4059415565790347,7.356126298203659,0.5053558375849407
India_773682,India,WATER,1,train,-8.90231636888555,2.6736457168162953,-34.34920120239258,11.680649757385254,-8.738286972045898,-12.119877243041993,-10.403583288192749,-7.1899497509002686,-5.796372747421263,-16.286924577983484,3.158116964346889,-47.6882209777832,1.7223070859909058,-15.978186130523682,-20.245640563964844,-18.060988903045654,-14.163594245910645,-12.638467693328858,7.384608209097934,3.1217874809495005,7.284705638885498,0.5542828588137866,0.44832393456258546,0.5439650819773675
India_80221,India,WATER,1,train,-17.315245540054647,7.563833014071785,-47.691627502441406,8.930299758911133,-18.719725608825684,-26.33567485809326,-23.687355995178223,-9.844071865081787,-7.465239095687864,-23.8602580638144,8.213244197362902,-53.199344635009766,-5.561323642730713,-25.3086519241333,-33.53300819396973,-29.250173091888428,-15.860404014587402,-13.315456008911132,6.545012523759752,5.206696177287571,6.104532480239868,0.7151613333184913,0.19317952550953346,0.7076312146740064
India_804466,India,WATER,1,train,-9.232978238394143,3.0488458658437003,-33.73932647705078,8.92487621307373,-8.951269626617432,-13.058149242401123,-10.89349102973938,-7.231649398803711,-5.765362453460693,-17.057638655906885,3.9932109813540992,-47.7435417175293,-2.6379475593566895,-16.58883571624756,-22.226950263977052,-19.418182849884033,-14.178141593933105,-12.431074047088623,7.824660417512742,3.485635674552609,7.656233310699463,0.5485608336556812,0.15915560541030954,0.5379734466478892
India_900498,India,WATER,1,train,-13.395038518061305,5.951612069663605,-48.26825714111328,2.0556297302246094,-12.431943416595459,-21.258867835998537,-18.30775260925293,-8.283544540405273,-6.331111812591551,-21.489230554558162,7.541330323997449,-53.7394905090332,-5.647802352905273,-20.928364753723145,-30.793389320373535,-26.193876266479492,-15.17249870300293,-12.926527786254884,8.094192036496857,5.170724201714851,7.475590705871582,0.6206048191181562,0.18308906735218713,0.6104649669236163
India_91379,India,WATER,1,train,-9.26710488646305,2.8843696481226746,-29.40143585205078,18.39676856994629,-9.142623901367188,-12.679191589355469,-10.884599208831787,-7.486185073852539,-5.971125125885009,-17.06631348486578,3.7101585796843795,-47.9688835144043,10.509784698486328,-16.82822322845459,-21.681882858276367,-19.269771575927734,-14.546649694442749,-12.683924674987793,7.79920859840273,3.332729872615333,7.679664611816406,0.550976903710629,0.9290077378767712,0.5410355741883472
India_943439,India,WATER,1,train,-10.032740563143683,4.634336994328989,-47.95964813232422,12.625666618347168,-8.869544982910156,-17.02177906036377,-11.224188327789307,-7.156097650527954,-5.7406691074371325,-15.826771470107587,4.624743529563135,-48.833168029785156,4.796529293060303,-14.618801593780518,-22.483955574035644,-17.209028244018555,-12.877193689346313,-11.54807767868042,5.794030906963903,3.2444284427720436,5.692946434020996,0.6289867547447195,0.18873218304978442,0.6190486166512266
India_956930,India,WATER,1,train,-9.351934141269965,2.980298023044269,-36.52406311035156,21.5538387298584,-9.05761432647705,-12.863018035888672,-10.891127109527588,-7.401850700378418,-6.006045866012573,-15.581332164475704,3.771715518550961,-48.570621490478516,8.801491737365723,-14.954298496246338,-20.717314147949217,-17.62635564804077,-12.91121768951416,-11.38256368637085,6.229398023205738,3.2025396448871746,6.073797941207886,0.6316138076303166,11.323433436861972,0.5966653083439957
Mekong_1248200,Mekong,WATER,1,train,-15.673486124207734,5.090011580189217,-32.37672424316406,8.134356498718262,-17.276126861572266,-21.279725646972658,-19.621427059173584,-11.142459869384766,-8.0054741859436,-24.969883111842137,7.838647173904587,-54.56930923461914,-6.82032585144043,-26.29319667816162,-34.239270782470705,-30.394158363342285,-17.71061944961548,-14.275048446655273,9.296396987634402,4.718345388987868,8.667112350463867,0.6331721123360188,0.12940137572475705,0.6339801366589664
Mekong_1282475,Mekong,WATER,1,train,-9.093847110412108,3.817910934730132,-34.79486846923828,0.6270921230316162,-8.234257698059082,-13.429220676422117,-9.970429420471191,-6.8133450746536255,-5.644294548034668,-15.290115322911106,4.186764305175809,-47.18962860107422,0.29792749881744385,-14.297925472259521,-19.901600646972657,-16.081093311309814,-12.854228734970093,-11.67945213317871,6.196268212498998,2.7326663250002934,6.154476165771484,0.5928093728431181,0.15948654192625983,0.5837028889195184
Mekong_1396181,Mekong,WATER,1,train,-15.369913685145825,6.411087935225313,-49.98988342285156,17.12140655517578,-14.882952213287354,-23.67803077697754,-20.830667972564697,-9.665899753570557,-7.481225442886352,-22.573981305577036,7.875712112852301,-53.2747917175293,-6.824774742126465,-21.449878692626953,-32.533314895629886,-27.65821647644043,-16.02026605606079,-13.710507583618163,7.204067620431211,4.745922647873933,6.644745349884033,0.6764060748871371,0.1691284599013039,0.6749583591115886
Mekong_1413877,Mekong,NON_WATER,0,train,-8.317242408609479,2.0242410063695577,-24.252962112426758,11.519562721252441,-8.221503257751465,-10.885605335235596,-9.571725606918335,-6.95681619644165,-5.862898540496825,-14.496334401572494,2.169731695999606,-34.144927978515625,6.001758098602295,-14.339384078979492,-17.214425086975098,-15.766426801681519,-13.02555799484253,-11.920104694366454,6.179091992963015,2.6521663983864716,6.13883376121521,0.5809747534047528,1.06148621003673,0.5719777070617433
Mekong_1439641,Mekong,WATER,1,train,-16.9299280716466,6.076282426855077,-44.19001007080078,12.386762619018555,-19.187347412109375,-23.152970123291016,-21.43497943878174,-11.368430137634277,-7.531188869476318,-27.16781645133358,9.24135034074216,-60.388580322265625,5.9002604484558105,-28.980712890625,-38.295924758911134,-33.298038482666016,-18.10407018661499,-14.051993656158444,10.237888379686975,5.427477274196419,9.303435325622559,0.6247669254699989,0.14628648116294515,0.6302924086835441
Mekong_1443339,Mekong,WATER,1,train,-16.899349239939173,6.380474992200057,-46.6623420715332,11.692955017089844,-18.970773696899414,-24.05714569091797,-22.149829387664795,-10.72113561630249,-7.773436498641968,-24.4904754475877,8.09479383194305,-52.33989715576172,3.783937692642212,-25.967663764953613,-34.1134750366211,-30.375609874725342,-16.69735050201416,-13.716929054260254,7.591126207648525,4.286441153939048,7.0357842445373535,0.6850453836800229,0.20032047400691064,0.6922668235968872
Mekong_16233,Mekong,WATER,1,train,-11.117404327814668,6.155670282208869,-38.4688720703125,6.3225579261779785,-8.665588855743408,-22.215992164611816,-12.323081016540527,-7.011378765106201,-5.758688354492185,-17.762603413735633,7.118734303731613,-47.12521743774414,-4.813234806060791,-14.865125179290771,-29.909976387023924,-18.59188985824585,-13.18923282623291,-11.930784130096436,6.645199085920964,3.1760628870023635,6.446420192718506,0.608841857878604,0.1622323285241511,0.604762164025175
Mekong_213094,Mekong,NON_WATER,0,train,-8.639875701485456,2.0595197509432808,-19.66054344177246,2.602128744125366,-8.572049140930176,-11.308547973632812,-9.977767705917358,-7.231381773948669,-6.0602874755859375,-15.127154898990286,2.118717020191224,-30.69773292541504,-6.762739658355713,-15.01687240600586,-17.848633766174316,-16.446767807006836,-13.667954444885254,-12.526887893676758,6.48727919750483,2.6329419444875715,6.464705944061279,0.5784275462012266,0.1465032079669927,0.568879743982502
Mekong_221789,Mekong,NON_WATER,0,train,-8.021301736077582,2.1989475822133597,-20.834142684936523,0.8818097710609436,-7.9527504444122314,-10.860898971557617,-9.455395936965942,-6.5132704973220825,-5.2620168685913065,-14.329574953511838,2.2100034771959853,-30.570409774780273,-4.781608581542969,-14.242128372192383,-17.189671897888182,-15.748436689376831,-12.815865278244019,-11.578424549102781,6.308273217434255,2.6235797109951804,6.293356895446777,0.566401318234567,0.1575303119893094,0.5575166206269928
Mekong_254910,Mekong,NON_WATER,0,train,-8.779997323043858,2.876728794922026,-33.60940170288086,1.2316908836364746,-8.414742946624756,-11.955713653564453,-10.053322315216064,-6.958050012588501,-5.749560022354125,-15.333718299012617,3.281772338106006,-49.24321746826172,-5.795480251312256,-14.799461841583252,-19.051933097839356,-16.670610427856445,-13.244494676589966,-11.985574626922608,6.5537209759687585,2.879064104954872,6.456616401672363,0.5780982200368235,0.15562863273951438,0.5686713162961918
Mekong_269835,Mekong,NON_WATER,0,train,-8.920216465937301,2.035120749444461,-29.137998580932617,-1.1959410905838013,-8.85278844833374,-11.502347660064697,-10.217780828475952,-7.545136570930481,-6.404703569412231,-15.024411137550487,2.110519942131474,-44.97561264038086,-6.987168312072754,-14.936306953430176,-17.691173553466797,-16.34377908706665,-13.589309453964233,-12.435623836517333,6.104194671613186,2.590900965942972,6.093271017074585,0.6014816017406788,0.14643406496634884,0.5910135794321931
Mekong_293769,Mekong,WATER,1,train,-10.681087339359193,4.917633991401518,-45.68611526489258,-0.9181337952613831,-9.315057277679443,-20.143531799316406,-11.183631181716919,-7.842336535453796,-6.636687231063842,-17.39635153035465,5.655109379315063,-51.8822135925293,-7.2050395011901855,-15.779709339141846,-26.114204597473144,-17.792346000671387,-14.269309997558594,-13.06531047821045,6.715264190995455,3.212638376507443,6.543411731719971,0.6085771677763725,0.15207366495356966,0.5972093444617758
Mekong_342411,Mekong,WATER,1,train,-9.541295846261761,3.7878735472128118,-31.355478286743164,5.6486334800720215,-8.72975778579712,-14.039368057250975,-10.559945344924927,-7.226897120475769,-5.990793704986572,-15.819028336445626,4.36224852343746,-47.41660690307617,-2.912876844406128,-14.787771701812744,-20.950148010253905,-16.868791103363037,-13.18929648399353,-11.912293815612792,6.277732490183865,2.8936860481422655,6.175756931304932,0.6037010683370788,0.15729297034292752,0.5963880518602784
Mekong_45934,Mekong,NON_WATER,0,train,-8.061294308416656,1.9848653924047397,-25.577228546142578,13.352533340454102,-7.98497748374939,-10.623579311370849,-9.332769632339478,-6.704354882240295,-5.6124818325042725,-14.252143932346257,2.0672677623020426,-30.152318954467773,4.910778999328613,-14.147244453430176,-16.921022796630858,-15.552675485610962,-12.833407640457153,-11.718201446533204,6.190849623929601,2.634536134923296,6.167438507080078,0.5746427953359734,0.16329986325483378,0.5633261705053585
Mekong_52610,Mekong,WATER,1,train,-16.73339647568575,5.258513585037386,-46.31296920776367,6.422411918640137,-18.317474365234375,-22.462941741943357,-20.714252948760986,-12.488343477249146,-8.515473937988281,-25.889944576731523,8.350840573392361,-56.2050895690918,-1.0437963008880615,-27.065826416015625,-35.983890533447266,-31.613792896270752,-18.437333583831787,-14.431070709228512,9.156548101045772,5.120701835012594,8.2902672290802,0.6551754163231833,0.13141130727595468,0.6542654788467444
Mekong_596495,Mekong,WATER,1,train,-19.497162160127754,6.553124681566846,-49.99800109863281,16.682897567749023,-21.634288787841797,-26.006498336791992,-23.901073455810547,-14.158433437347412,-8.737739372253419,-27.8100182099248,8.6028942767483,-55.50377655029297,-5.6141886711120605,-28.41924476623535,-38.293801879882814,-32.65823936462402,-21.302681922912598,-15.518175506591795,8.312856049797047,5.8120741276663255,7.386796951293945,0.703548236404439,0.16483131670406584,0.7057483889329235
Mekong_774566,Mekong,WATER,1,train,-13.396896740037207,6.408277835711794,-45.17073440551758,-0.008005879819393158,-10.723556995391846,-22.66507129669189,-19.928110122680664,-8.225698232650757,-6.641035079956055,-21.193510639354827,7.430374158168499,-54.22976303100586,-3.7352259159088135,-18.89317512512207,-31.28453044891357,-27.101266860961914,-15.114266633987427,-13.229771614074707,7.79661389931762,4.106116860919839,7.388211727142334,0.6199567262378584,0.16627067014231575,0.6149194682933115
Mekong_922373,Mekong,WATER,1,train,-11.781463840674732,5.283040132861175,-34.69304275512695,9.001314163208008,-10.131968021392822,-20.00536003112793,-16.162663459777832,-7.737776279449463,-6.110894584655761,-18.947906687755676,6.5270351616943225,-51.15391159057617,-5.971607685089111,-16.67078685760498,-28.77363758087158,-23.613680839538574,-14.047513723373413,-12.371430110931396,7.166442847080944,3.5578495218245236,6.867007732391357,0.6158252825042987,0.16063236024554808,0.6195954928568114
Mekong_977338,Mekong,WATER,1,train,-13.71506554640797,7.360203491340844,-49.98041915893555,1.464631199836731,-10.093225479125977,-23.94594211578369,-21.21115732192993,-7.637763142585754,-6.156917762756347,-20.715490785998554,8.652904511771917,-54.99637222290039,-6.349227428436279,-16.606738090515137,-32.4429256439209,-27.34685468673706,-14.024380683898926,-12.49993801116943,7.000425239590584,4.606860420265171,6.519928216934204,0.6438304846399409,0.1825507815194475,0.6352819720389472
Mekong_98310,Mekong,WATER,1,train,-15.019451582982764,8.09415078964036,-50.739898681640625,3.602144956588745,-10.98538589477539,-26.32288341522217,-22.8153133392334,-8.62073564529419,-7.139129972457885,-22.05443701781269,8.712324359639524,-54.712642669677734,-1.3971525430679321,-18.481502532958984,-33.85609436035156,-27.67827558517456,-15.421257734298706,-13.791153144836425,7.034985434829924,5.398964560659244,6.672189235687256,0.6642726298643408,0.205012858154919,0.6396130537278986
Nigeria_1095404,Nigeria,WATER,1,train,-12.089338495047205,4.353392714762174,-39.49478530883789,10.945784568786621,-11.097116947174072,-18.7978645324707,-13.768288373947144,-9.196705102920532,-7.697344636917114,-18.562122334466153,4.933839146475812,-47.12413787841797,-0.4954579174518585,-17.250306129455566,-25.597658920288087,-20.118088245391846,-15.376844882965088,-13.96000566482544,6.472783839418948,3.3312512482989303,6.300224781036377,0.651862558469521,0.16329794731341118,0.6474626061810442
Nigeria_22088,Nigeria,NON_WATER,0,train,-10.97121699048597,2.3224267718917244,-46.75930404663086,2.7232162952423096,-10.877702713012695,-13.917461395263672,-12.42708969116211,-9.4139986038208,-8.121109962463379,-16.882148742036208,2.6855369499224038,-55.978763580322266,-6.598796367645264,-16.650121688842773,-20.247509002685547,-18.4234676361084,-15.065652847290039,-13.73707389831543,5.910931751550238,2.999693768824298,5.820765495300293,0.6595281933888755,0.14828057660190913,0.6493276499508693
Nigeria_225131,Nigeria,NON_WATER,0,train,-9.482563150961937,2.007693219021671,-22.2404727935791,8.589542388916016,-9.39210033416748,-12.0837833404541,-10.756921768188477,-8.097827672958374,-6.9993089675903315,-15.717396247198849,2.0989268741223444,-33.27029037475586,-2.385209560394287,-15.589194297790527,-18.429589080810548,-17.023277282714844,-14.266047954559326,-13.158062934875488,6.234833096236912,2.619928964788755,6.225307941436768,0.6109688166293091,0.1416124795377413,0.6007582617852976
Nigeria_31096,Nigeria,NON_WATER,0,train,-8.998143236973135,2.0628503878715656,-22.347267150878906,13.172327041625977,-8.91032075881958,-11.64202880859375,-10.30575442314148,-7.5902122259140015,-6.452638626098632,-15.00553763422954,2.1197433987649825,-40.25123977661133,4.283108234405518,-14.890650272369385,-17.705116271972656,-16.304765224456787,-13.563538074493408,-12.41735372543335,6.007394397256405,2.654014830299853,5.998533725738525,0.6076825292618604,0.23546820180981992,0.596456262228998
Nigeria_35845,Nigeria,NON_WATER,0,train,-8.116528257733162,2.0095395198504904,-25.306209564208984,4.02932071685791,-8.047329902648926,-10.686205959320068,-9.395831108093262,-6.751395583152771,-5.62884464263916,-14.099969572796908,2.0351602771328268,-30.846149444580078,-5.612537860870361,-14.00955867767334,-16.711935615539552,-15.38883638381958,-12.707390546798706,-11.587757205963134,5.983441315063747,2.5896311240488923,5.974329948425293,0.5841853191734134,0.15605100800814053,0.5723771465177141
Nigeria_439488,Nigeria,NON_WATER,0,train,-10.37100676300523,2.456901258514724,-22.404293060302734,10.973958015441895,-10.350443840026855,-13.471121978759765,-11.97145700454712,-8.763319730758667,-7.349529743194579,-16.724835886825176,2.546938818564382,-39.38518524169922,1.7357279062271118,-16.585433959960938,-19.99057788848877,-18.307071208953857,-15.001424312591553,-13.647416496276856,6.353829123819946,2.817892253982703,6.306797504425049,0.626727629499886,0.5024774338724893,0.6206142907925551
Nigeria_529525,Nigeria,WATER,1,train,-15.794513676716512,5.280264347431766,-45.57707595825195,0.028538497164845467,-15.480495929718018,-22.828126716613767,-20.24473237991333,-11.382940292358398,-9.011145210266113,-23.06499759455437,6.807045704065361,-60.44136047363281,-7.430656433105469,-22.505593299865723,-31.753582763671876,-27.807828426361084,-17.50155210494995,-14.764504241943358,7.270483917837858,4.041146960174201,6.8694257736206055,0.6872629829764593,0.13998865366493965,0.6855268816872608
Nigeria_598959,Nigeria,WATER,1,train,-10.066136505961495,2.334825435734243,-24.740982055664062,3.3714611530303955,-9.999835968017578,-13.052327919006348,-11.568020343780518,-8.496898651123047,-7.171915864944458,-17.84961109609685,3.2003778673905923,-47.07490539550781,-6.935851097106934,-17.520233154296875,-22.05465621948242,-19.745627403259277,-15.618898630142212,-14.076438903808594,7.783474590135356,3.650009362937171,7.497211456298828,0.57792976006854,0.15520815238549507,0.5688447783670004
Nigeria_600295,Nigeria,WATER,1,train,-14.48693802647058,5.486519249416329,-40.959659576416016,2.922909736633301,-12.94882583618164,-22.194442749023438,-19.636040687561035,-10.069355487823486,-8.190842723846435,-22.274317786323536,7.3915994830581715,-55.90470886230469,-1.2436424493789673,-19.87473773956299,-32.30309219360352,-27.673658847808838,-16.527931213378906,-14.566167545318603,7.787379759852955,4.294993115032626,7.221844673156738,0.6512952980243676,0.1442590774817559,0.6503237023562982
Nigeria_812045,Nigeria,WATER,1,train,-15.356659170330133,5.225688625187245,-42.932151794433594,0.028858397156000137,-14.447571754455566,-22.387543869018554,-19.9556941986084,-10.876744270324707,-9.042913627624511,-23.088064054908394,7.115597631551269,-57.32727813720703,-7.997669696807861,-21.5598087310791,-32.39967269897461,-28.080062866210938,-17.177705764770508,-15.240151214599608,7.731404884578261,4.315936779618211,7.1814727783203125,0.6686751558079588,0.1361293678601367,0.6646106133751849
Nigeria_81933,Nigeria,WATER,1,train,-14.88261697275479,5.452262669524273,-39.11888885498047,6.381307601928711,-13.993132591247559,-22.556486511230467,-19.61202383041382,-10.400214910507202,-8.272412586212157,-21.606022039264644,7.362211853838101,-58.0816650390625,-4.7603302001953125,-19.498184204101562,-31.96920051574707,-26.571210384368896,-15.948159217834473,-13.899686908721923,6.723405066509855,4.175849731965044,6.210330963134766,0.692435634046139,0.14733268303553065,0.6907965889654202
Nigeria_820924,Nigeria,NON_WATER,0,train,-9.784158965191155,2.1463605683466653,-25.12737464904785,11.370491027832031,-9.715907096862793,-12.529775524139405,-11.169878959655762,-8.33219313621521,-7.12439579963684,-15.941831774117418,2.273903552204322,-32.296844482421875,-3.8899271488189697,-15.799085140228271,-18.894536399841307,-17.3633770942688,-14.364434480667114,-13.161678314208984,6.157672808926263,2.678811881514111,6.124685287475586,0.6211711435675205,0.1435932735582484,0.6122708383567869
Nigeria_984831,Nigeria,WATER,1,train,-17.424263021945535,5.748672418956754,-46.784542083740234,-0.7883625030517578,-17.92627716064453,-24.51566352844238,-22.189793586730957,-12.476405382156372,-9.538070583343504,-24.788636809747914,7.6463847271968355,-53.772823333740234,-7.333073616027832,-24.22650909423828,-34.637425613403316,-29.752368450164795,-18.55211877822876,-15.510057735443114,7.3643737878023785,4.724220939498786,6.690291404724121,0.7086364048616345,0.14842983146268487,0.7103472903262198
Paraguay_1029042,Paraguay,WATER,1,train,-12.458205986114535,6.384562484476062,-41.03055953979492,-0.9950191974639893,-9.984189987182617,-23.52605628967285,-14.765481948852539,-7.988945364952087,-6.571840763092041,-18.890988757553714,6.62728803950758,-52.543949127197266,-6.467805862426758,-16.356632232666016,-29.57316780090332,-21.739255905151367,-14.313111305236816,-12.876556682586669,6.432782771439179,3.2245487154985577,6.283605098724365,0.6417045947005873,0.16611521767961945,0.6369068682543664
Paraguay_1029191,Paraguay,WATER,1,train,-11.559597432523788,5.7635168352806145,-41.2896728515625,-0.33678412437438965,-9.616520881652832,-22.40670566558838,-12.520969152450562,-7.792251110076904,-6.410415410995483,-17.609774576529162,5.78061142480806,-47.15082931518555,-7.573127269744873,-15.64993143081665,-27.80826892852783,-18.445547103881836,-13.925386667251587,-12.608330726623535,6.050177144005374,2.976835916455999,5.972179889678955,0.6416264565818915,0.16804014521208033,0.636490829098618
Paraguay_11869,Paraguay,NON_WATER,0,train,-10.809206015825183,2.3230226373336635,-29.008779525756836,3.5455944538116455,-10.751288414001465,-13.684693336486816,-12.260044813156128,-9.286615371704102,-7.964736652374267,-17.407146638168342,2.6270794421954977,-44.17133712768555,-7.187385082244873,-17.245840072631836,-20.681650733947755,-18.978089332580566,-15.646400451660156,-14.259971714019775,6.59794062234316,2.7513756356416343,6.57202672958374,0.627340809306139,0.13391558185039415,0.618818402531438
Paraguay_126224,Paraguay,WATER,1,train,-10.024849467131006,3.247865261498427,-34.11396026611328,0.5948666334152222,-9.697137832641602,-14.005937004089356,-11.733319759368896,-7.84238874912262,-6.3067196846008295,-20.62174580347346,5.107009117900752,-51.07952880859375,-6.971851825714111,-19.92804527282715,-27.09910659790039,-23.626460552215576,-16.91307306289673,-14.798255157470702,10.596896336342454,4.845612341834646,10.168024063110352,0.49998477783015394,0.15705436869741934,0.4851511143481919
Paraguay_12870,Paraguay,NON_WATER,0,train,-10.197706307814315,2.4345177042114665,-27.285722732543945,-0.5173852443695068,-10.012468338012695,-13.300339698791504,-11.634098529815674,-8.541277647018433,-7.294827032089232,-17.828010955510763,3.104933176039776,-50.02348327636719,-7.284607887268066,-17.447301864624023,-21.696638298034667,-19.474628448486328,-15.734425067901611,-14.345612907409668,7.630304647696448,3.126216237294088,7.544309139251709,0.5803782886897646,0.13813586891802382,0.5712338729299401
Paraguay_148318,Paraguay,NON_WATER,0,train,-9.751291270525712,2.3883239237520257,-27.53431510925293,5.201471328735352,-9.641205310821533,-12.808795070648193,-11.263057231903076,-8.106323719024658,-6.807747602462768,-16.103691328700734,2.653360964655811,-47.6016960144043,-6.387582778930664,-15.810315608978271,-19.47611846923828,-17.55219554901123,-14.29438066482544,-13.0632981300354,6.3524000581750215,2.7855870215418195,6.311824798583984,0.6123280548441087,0.14677615836238478,0.6029460383192676
Paraguay_149787,Paraguay,WATER,1,train,-10.977672981119326,5.4498608841523,-42.060218811035156,-0.3746403455734253,-9.333899974822998,-21.772177124023436,-11.60948371887207,-7.655154347419739,-6.349117517471313,-17.242698411433594,5.33830543977336,-47.158634185791016,-7.305418491363525,-15.664889812469482,-26.7495698928833,-17.92954397201538,-14.0099937915802,-12.732441806793211,6.265025430314267,2.917010388589158,6.238394737243652,0.6232219585716481,0.16585536097212214,0.6126905250521779
Paraguay_149830,Paraguay,NON_WATER,0,train,-9.393622217326538,2.325839135704185,-26.489688873291016,-1.173006296157837,-9.229262828826904,-12.422054290771484,-10.838030099868774,-7.776836514472961,-6.563067817687989,-15.976990608449341,2.348182075429557,-42.34761428833008,-6.071680068969727,-15.836026191711426,-18.901630401611328,-17.37304449081421,-14.387791633605957,-13.165104866027832,6.583368391122804,2.8576707787689903,6.517848253250122,0.5954096234349746,0.15109118189270143,0.5861064478354185
Paraguay_153941,Paraguay,NON_WATER,0,train,-10.876886983148324,2.1709671068595178,-24.15343475341797,-1.9859447479248047,-10.818913459777832,-13.658943939208985,-12.267162799835205,-9.424403429031372,-8.171470165252682,-17.310694922096445,2.358519906064531,-40.835060119628906,-8.02479362487793,-17.18866539001465,-20.300787734985352,-18.76754140853882,-15.710120677947998,-14.43362922668457,6.433807938948121,2.669217690231855,6.406183242797852,0.6346989590339278,0.13124805059986042,0.6264308852459246
Paraguay_179624,Paraguay,NON_WATER,0,train,-9.137923556620763,2.344970288696162,-22.57650375366211,-0.553678035736084,-8.980029106140137,-12.212238216400147,-10.606995582580566,-7.502586364746094,-6.270944261550903,-15.528612261241506,2.3473736588640546,-40.1982536315918,-7.5105671882629395,-15.329122543334961,-18.54129295349121,-16.9112811088562,-13.909620523452759,-12.737055110931397,6.390688704620743,2.6743726854964938,6.371067523956299,0.594115923505985,0.14896703136526582,0.5850991124092649
Paraguay_191503,Paraguay,NON_WATER,0,train,-10.483334928610248,2.5972869480008915,-24.573827743530273,1.5352929830551147,-10.436698913574219,-13.853011417388917,-12.22096037864685,-8.665655851364136,-7.168021965026854,-16.761405057413867,2.8966265922883254,-47.32033157348633,-6.007511615753174,-16.472037315368652,-20.45827980041504,-18.391269207000732,-14.781660318374634,-13.396005344390868,6.27807012880362,2.9148912179514213,6.215890884399414,0.631766417072961,0.1488683397060759,0.6234853847080746
Paraguay_198534,Paraguay,NON_WATER,0,train,-10.229515828035346,3.0627901825199504,-32.36965560913086,-0.6622538566589355,-9.906574726104736,-14.416061687469481,-12.176754236221313,-7.995551228523254,-6.544102859497069,-16.915840409656084,4.095221526752188,-49.069862365722656,-7.403337478637695,-16.041027069091797,-22.22086982727051,-18.30494499206543,-14.331229209899902,-12.961065673828125,6.686324581620738,3.3519167074790794,6.4803009033203125,0.6117206061720215,0.15331810151549152,0.6032334257202007
Paraguay_205585,Paraguay,NON_WATER,0,train,-10.052564341509068,2.3639026246386186,-22.974838256835938,8.667435646057129,-10.035049438476562,-13.076826190948486,-11.621329545974731,-8.461422204971313,-7.048020839691162,-16.353042932296034,2.478002712278715,-35.03858184814453,-0.4810105860233307,-16.213133811950684,-19.539648246765136,-17.904468536376953,-14.64218521118164,-13.31340799331665,6.300478590786966,2.7456911139229017,6.269421577453613,0.6206362683371632,0.15231330050213218,0.6129913242052517
Paraguay_215904,Paraguay,NON_WATER,0,train,-10.262517087341934,2.269422188573793,-25.813945770263672,1.3455549478530884,-10.128626346588135,-13.200583362579344,-11.653008937835693,-8.721652507781982,-7.503269100189208,-16.92727193488099,2.6474945848029945,-47.58055114746094,-8.770272254943848,-16.654266357421875,-20.194414138793945,-18.346907138824463,-15.158720016479492,-13.897890758514404,6.664754847539058,2.7642585294163102,6.604525327682495,0.6130804576800699,0.13497995507893307,0.604341908051715
Paraguay_224845,Paraguay,NON_WATER,0,train,-8.690464725155524,2.0552431903336754,-23.17710304260254,-1.0015215873718262,-8.577399253845215,-11.379677009582519,-9.988412380218506,-7.261539459228516,-6.154908561706542,-17.824967943390345,2.2611871472862224,-35.6918830871582,-9.65478801727295,-17.650604248046875,-20.728802490234376,-19.179314613342285,-16.26554775238037,-15.114019775390625,9.134503218234823,3.1318295282660715,9.104011535644531,0.4960244963360541,0.13652335300503243,0.4836477882802628
Paraguay_225187,Paraguay,NON_WATER,0,train,-12.343980027605696,3.1859429315670345,-29.21370506286621,-0.0346970371901989,-12.516369819641113,-16.30938549041748,-14.595365524291992,-10.149394035339355,-8.01718463897705,-20.008895424036382,4.449539479684379,-48.00151824951172,-7.645862102508545,-19.763680458068848,-25.61632423400879,-22.887147426605225,-16.70324182510376,-14.520642566680907,7.664915396430686,3.408359285837271,7.432553291320801,0.6226375270107734,0.12997948583334792,0.6175946882622066
Paraguay_232281,Paraguay,WATER,1,train,-9.192956217417596,2.1585764892851054,-20.764970779418945,-0.2231762856245041,-9.077876091003418,-12.00653076171875,-10.570494174957275,-7.692826271057129,-6.528506755828857,-18.798054909162587,4.09451821660132,-49.22208023071289,-8.689884185791016,-17.918394088745117,-24.066930770874023,-20.61550521850586,-16.048078536987305,-14.678460121154785,9.60509869174499,4.737034380779479,8.913748741149902,0.5100435046684806,0.15769743512436812,0.49851563449293834
Paraguay_24341,Paraguay,WATER,1,train,-12.013606668358193,6.216043893621302,-45.840023040771484,2.6553080081939697,-9.636008739471436,-22.712438774108886,-14.62342357635498,-7.6542476415634155,-6.219329881668089,-18.716745676181745,6.728101820805457,-50.02437210083008,-7.350345611572266,-16.138877868652344,-29.479355812072754,-21.625839233398438,-14.083269119262695,-12.647279834747312,6.703139007823552,3.3238067879767086,6.527371883392334,0.6255710746384574,0.16768972792172815,0.6214342275678804
Paraguay_246154,Paraguay,NON_WATER,0,train,-10.479868667733172,2.2773717904586026,-23.16195297241211,-0.6292224526405334,-10.447474002838135,-13.40104341506958,-11.964133501052856,-8.959725618362427,-7.604391145706176,-16.262232556116942,2.116455917095238,-31.540002822875977,-7.997079372406006,-16.17048931121826,-19.0016149520874,-17.60720682144165,-14.81560754776001,-13.63669729232788,5.78236388838377,2.68543703440565,5.762174606323242,0.6506807484000888,0.14706113447478542,0.643246754928804
Paraguay_252217,Paraguay,NON_WATER,0,train,-10.647934173534168,2.0779726017361706,-23.751296997070312,-0.6150626540184021,-10.549295902252197,-13.3422456741333,-11.962633609771729,-9.221245050430298,-8.085250854492188,-17.1258012545386,2.3370089452436495,-47.64533615112305,-7.592186450958252,-16.954898834228516,-20.101084899902343,-18.510773181915283,-15.539939880371094,-14.339002132415771,6.477867081004433,2.7192390131628263,6.429285764694214,0.6291789616472713,0.132153161051091,0.6199841890824394
Paraguay_271769,Paraguay,NON_WATER,0,train,-12.070614977577634,3.6424774593721585,-32.7183837890625,0.5949988961219788,-11.90716028213501,-16.913074493408203,-14.870827674865723,-9.171863555908203,-7.4124815464019775,-19.018670658366318,4.874308913522493,-47.37569046020508,-7.679908752441406,-18.04782485961914,-25.52794418334961,-22.34210777282715,-15.245434999465942,-13.54552936553955,6.948055680788684,3.4497820316009635,6.688082218170166,0.6392976377791139,0.14108048352548241,0.6346387596160207
Paraguay_284928,Paraguay,NON_WATER,0,train,-9.045027305117928,2.138605890738886,-22.173856735229492,-0.5365507006645203,-8.984414100646973,-11.811535263061524,-10.440176248550415,-7.582752227783203,-6.361161613464355,-17.614206152548128,3.220354439766695,-43.59669876098633,-7.505367755889893,-17.21227741241455,-22.03636703491211,-19.60671377182007,-15.272261619567871,-13.81685161590576,8.569178847430202,3.781859069314945,8.283077478408813,0.5292156083534088,0.15376041561695183,0.5166107316090747
Paraguay_305760,Paraguay,WATER,1,train,-7.8862420275219165,2.2982039226389,-27.872087478637695,0.6219855546951294,-7.814765453338623,-10.851778793334962,-9.3944730758667,-6.3057674169540405,-4.98282480239868,-17.998316585972134,3.924294676366357,-47.34817886352539,-7.064899921417236,-17.68671226501465,-23.0417818069458,-20.460205554962158,-15.110505104064941,-13.2290376663208,10.112074558450217,4.639820850635032,9.703259944915771,0.4600084107091187,0.1677633831449293,0.4468167552239468
Paraguay_339807,Paraguay,WATER,1,train,-11.913011650745148,6.064018329922496,-40.8910026550293,-0.5821983218193054,-9.678988933563232,-22.916563034057617,-13.454879522323608,-7.7920920848846436,-6.426080179214478,-18.27241477653297,6.041874035489938,-51.407508850097656,-7.260214805603027,-16.1055850982666,-28.403791618347167,-20.12068510055542,-14.173275470733643,-12.79761266708374,6.359403125787821,2.9875136213063898,6.31039023399353,0.6337676936824036,0.16569930056038482,0.6259962517390298
Paraguay_34417,Paraguay,WATER,1,train,-10.382733554593983,3.0627901825199504,-31.234445571899414,6.3225579261779785,-9.932810306549072,-14.005937004089356,-11.935690641403198,-8.133978843688965,-6.742887783050537,-17.0605065197963,3.4902238411574653,-47.37569046020508,-5.561323642730713,-16.536535263061523,-21.071336364746095,-18.754567623138428,-14.729609727859497,-13.231150245666504,6.530469778800551,3.0855928128148102,6.442684650421143,0.6135244974477739,0.15948654192625983,0.6049177919437507
Paraguay_36015,Paraguay,NON_WATER,0,train,-10.868060751061876,3.0063206326949983,-29.947721481323242,-0.843929648399353,-10.663907051086426,-14.863278198242188,-12.752847909927368,-8.76030969619751,-7.168431758880614,-18.51914186412796,4.1774100958440865,-48.096622467041016,-7.015497207641602,-17.91437816619873,-23.69007339477539,-20.670607089996338,-15.636205673217773,-13.936093807220459,7.651081113066084,3.5578911107163904,7.386264085769653,0.5942811601164731,0.14193467766277668,0.5862926573400048
Paraguay_36146,Paraguay,NON_WATER,0,train,-10.678945321132199,2.5092583247753733,-27.123252868652344,7.0610127449035645,-10.59510087966919,-13.93415412902832,-12.331264019012451,-8.949484586715698,-7.521446561813354,-17.26565855557783,3.007073972186861,-41.34925079345703,-6.608428001403809,-16.9374942779541,-21.234264945983885,-18.955024242401123,-15.184520244598389,-13.775036811828613,6.5867132344456305,2.881570202689144,6.5161004066467285,0.6251399387218863,0.139105237951278,0.6167735359752767
Paraguay_403081,Paraguay,NON_WATER,0,train,-9.847723416053753,2.4937264443375753,-41.80555725097656,4.885923385620117,-9.745083332061768,-12.950224590301513,-11.388063192367554,-8.158790826797485,-6.8078971862792965,-16.229383483540005,2.5033043601481135,-47.005882263183594,-7.240124225616455,-16.064504623413086,-19.34121150970459,-17.718884468078613,-14.536499500274658,-13.231150245666504,6.381660067486251,2.7543803667143636,6.346780300140381,0.612162502192933,0.147745541025889,0.6043320626953803
Paraguay_40936,Paraguay,NON_WATER,0,train,-10.746514522854255,2.659301026794474,-24.3001651763916,4.2827277183532715,-10.705657005310059,-14.187750911712646,-12.549646615982056,-8.8952317237854,-7.341494131088256,-18.103464164711113,3.6232397714651188,-47.55804443359375,-7.296215534210205,-17.59199810028076,-22.94319972991943,-20.186626434326172,-15.532441139221191,-13.968286895751952,7.356949641856858,3.1056452879137444,7.21345853805542,0.6004588062030315,0.13387492382716495,0.5928726191559409
Paraguay_44682,Paraguay,NON_WATER,0,train,-9.361291622983572,2.2945919983609238,-22.4393367767334,-0.7144181728363037,-9.313470363616943,-12.320904445648193,-10.87022876739502,-7.78647255897522,-6.4506488800048825,-16.138821337261106,2.1613365768294535,-31.817197799682617,-7.157193183898926,-16.04146385192871,-18.919295692443846,-17.50011444091797,-14.654517412185669,-13.477295303344725,6.777529714277534,3.020500357315019,6.676389217376709,0.5889762089571797,0.15859515312799266,0.5821039627902063
Paraguay_482517,Paraguay,WATER,1,train,-11.200731538898708,5.496919040882431,-41.92350769042969,-0.6609313488006592,-9.433603286743164,-21.554183959960938,-12.043667316436768,-7.675712704658508,-6.335328769683837,-19.41917615782404,5.832156028492169,-50.24412155151367,-7.201335906982422,-17.95531177520752,-28.41846981048584,-22.011094093322754,-15.215883731842041,-13.440586948394776,8.218444618925332,4.075367834068193,7.758769750595093,0.5722463541659584,0.17607085569328682,0.5634210775023741
Paraguay_48673,Paraguay,NON_WATER,0,train,-10.777015773599203,2.4998528942972724,-26.74226951599121,2.5581746101379395,-10.686501026153564,-14.000478935241699,-12.384225606918335,-9.069809436798096,-7.643677663803101,-17.32474853494932,2.8214127490330627,-46.142356872558594,-7.104846000671387,-17.097100257873535,-20.919802856445312,-18.975154876708984,-15.398144721984863,-13.97313470840454,6.547732761350119,2.7951764601252846,6.497922420501709,0.627767704021468,0.1371793678067202,0.6203716070686242
Paraguay_54421,Paraguay,NON_WATER,0,train,-10.572253213599005,2.415868174693583,-25.660884857177734,9.58089828491211,-10.499590873718262,-13.674629878997802,-12.130998611450195,-8.941108703613281,-7.555405950546264,-17.05529573574404,2.803481406494512,-47.316768646240234,-2.5297961235046387,-16.779499053955078,-20.586543464660643,-18.59400177001953,-15.176530361175537,-13.819736576080322,6.483042522145034,2.9283538653632823,6.411945819854736,0.6273605034243008,0.14423714832507312,0.6181018143637944
Paraguay_581976,Paraguay,WATER,1,train,-9.532346161703778,3.3373097601289556,-35.443885803222656,0.5776785016059875,-9.027659893035889,-13.867529106140136,-11.222397804260254,-7.254555106163025,-5.841949224472044,-20.015340579465658,4.927312788441002,-52.3105583190918,-7.234420299530029,-19.61026954650879,-26.192263221740724,-23.090293884277344,-16.39127206802368,-14.09386930465698,10.482994417761878,4.920789424273969,9.796144485473633,0.49082068200515994,0.1635375579945514,0.4805538312333532
Paraguay_605682,Paraguay,WATER,1,train,-10.17748482345046,3.4788313180520527,-40.710487365722656,1.3893386125564575,-10.056098937988281,-14.553123188018798,-12.235586166381836,-7.981488943099976,-5.910454750061035,-20.813400891003766,5.626687692629784,-51.69742965698242,-7.744848251342773,-19.97952365875244,-27.8386474609375,-23.84930181503296,-16.79901123046875,-14.568509292602538,10.635916067553307,4.722239608123008,10.0413179397583,0.4967545447706222,0.14893067643266017,0.49395536802647844
Paraguay_62897,Paraguay,WATER,1,train,-8.902442990394661,2.4740165905618325,-22.912227630615234,-0.20618696510791779,-8.746205806732178,-12.180995464324951,-10.500051259994507,-7.153285264968872,-5.8410055160522445,-18.53828207424158,3.7064479152288263,-46.64323806762695,-7.063796043395996,-17.902950286865234,-23.867825126647947,-20.646766662597656,-15.941349983215332,-14.382678604125976,9.635839083846918,4.079963996916778,9.39199948310852,0.49448231556610794,0.1554276976455994,0.47820754159058876
Paraguay_651904,Paraguay,WATER,1,train,-9.817435178034316,5.02822230140159,-48.71731185913086,1.6141389608383179,-8.79817819595337,-13.605172157287598,-10.67873239517212,-7.090586304664612,-5.562971878051758,-17.3779375843078,5.152139445897632,-51.90385055541992,-7.4690775871276855,-16.11317253112793,-23.05798931121826,-18.460561752319336,-14.390926361083984,-13.058700561523438,7.560502406273485,3.9727038747250627,7.34717059135437,0.5618115692762133,0.18811674211649573,0.5465508315411639
Paraguay_657443,Paraguay,WATER,1,train,-12.324623746717862,6.413567138541114,-43.36085891723633,-0.6828096508979797,-9.812588691711426,-23.539802932739256,-14.597913026809692,-7.866106033325195,-6.467026233673095,-18.352658248180887,6.314002072568305,-52.20219802856445,-7.644739627838135,-15.895825862884521,-28.806895828247068,-20.76303195953369,-14.035935401916504,-12.679471397399901,6.028034501463026,2.976336863387102,5.978015184402466,0.6505175939763015,0.1695010408902439,0.6450916331103993
Paraguay_7894,Paraguay,NON_WATER,0,train,-9.619567674936754,2.57766510396588,-24.6581974029541,14.695966720581055,-9.628987312316895,-12.82043399810791,-11.301364660263062,-7.988052845001221,-6.490590667724609,-16.029415721404845,2.4070095081088496,-36.06769561767578,0.06045638397336006,-15.931520462036133,-19.115781784057617,-17.561794757843018,-14.394339323043823,-13.075208759307861,6.409848046468092,2.8338033644243867,6.354345321655273,0.6055877352341343,0.35571525624578654,0.6025065492679597
Paraguay_790830,Paraguay,WATER,1,train,-10.430812160518823,5.039904251861616,-46.00796127319336,11.262852668762207,-9.176607608795166,-19.817888832092287,-11.311086654663086,-7.429600715637207,-5.952499389648436,-16.98792030661943,5.144843393112825,-47.103153228759766,3.1394903659820557,-15.597119808197021,-25.78151168823242,-17.68837070465088,-13.989261150360107,-12.697718238830566,6.557108146100607,3.0389669140110764,6.457263469696045,0.6049613317275276,0.2938063416353691,0.5994347655426704
Paraguay_791364,Paraguay,NON_WATER,0,train,-9.050165173403911,2.000255974732115,-20.188814163208008,-1.677152395248413,-8.974748611450195,-11.654123306274414,-10.338592529296875,-7.6703139543533325,-6.550414037704467,-15.630748030591349,2.0785490238798485,-29.857864379882812,-7.2708210945129395,-15.548055648803711,-18.293914985656738,-16.960012912750244,-14.214326858520508,-13.043311882019042,6.580582857187437,2.7023074144935575,6.546296834945679,0.5872353577104763,0.14412704480587732,0.5770779655858308
Paraguay_792268,Paraguay,NON_WATER,0,train,-10.531921840306701,2.6998847094641096,-29.349470138549805,16.183732986450195,-10.52940320968628,-13.827794933319092,-12.244743824005127,-8.834346294403076,-7.272646474838257,-16.8952145250812,2.532063043335397,-38.02297592163086,0.5475631952285767,-16.76022720336914,-20.101088333129884,-18.43452501296997,-15.195381164550781,-13.82776107788086,6.3632926847745,2.9338465964957456,6.264650821685791,0.6285657362499788,0.15805599734359863,0.6267713872525644
Paraguay_80102,Paraguay,NON_WATER,0,train,-10.00805470091646,2.2826972573242443,-22.282276153564453,1.8668839931488037,-9.976206302642822,-12.935769748687743,-11.50639796257019,-8.463588953018188,-7.115125608444214,-16.184593557603876,2.361135367272528,-35.624141693115234,-6.607964038848877,-16.059012413024902,-19.21055793762207,-17.650896072387695,-14.570290327072144,-13.294487953186035,6.176538856687415,2.79791491013161,6.1293416023254395,0.6257192073547672,0.14872939972083823,0.6172090180598575
Paraguay_822142,Paraguay,WATER,1,train,-13.160780238918576,6.489753754779756,-43.57405471801758,1.0020085573196411,-10.53006887435913,-23.699007034301758,-18.955163955688477,-8.350192546844482,-6.864349603652953,-19.993536137086267,6.978756851068964,-55.64052200317383,-7.697040557861328,-17.31554412841797,-30.504527282714843,-25.191736221313477,-14.89656400680542,-13.322872257232666,6.83275589816769,3.4219924394651193,6.642829418182373,0.6417910567648,0.16254017265888307,0.6381636014956165
Paraguay_892933,Paraguay,WATER,1,train,-9.621375150482208,2.5524956511759624,-25.808618545532227,1.465036153793335,-9.434954643249512,-12.924044036865235,-11.176202058792114,-7.863983511924744,-6.547630262374877,-19.17569199439822,4.250285348848962,-50.98354721069336,-7.7856903076171875,-18.528274536132812,-24.680811500549318,-21.5315260887146,-16.174198150634766,-14.445973014831543,9.554316843916013,4.665068372250748,8.918588161468506,0.5205982237994213,0.15816509834533332,0.51364269627624
Paraguay_896458,Paraguay,WATER,1,train,-11.136381542915814,5.879891082640717,-45.80951690673828,1.362470269203186,-9.083228588104248,-21.972895622253418,-12.0320725440979,-7.305578351020813,-5.900230026245116,-18.151753062284115,6.41252714305022,-50.9678840637207,-6.972995758056641,-15.870445728302002,-28.823081398010252,-19.150007247924805,-14.045356512069702,-12.70204963684082,7.015371519368301,3.430031138393025,6.781550407409668,0.5999645531814753,0.17231393071120027,0.5949699421556716
Paraguay_989230,Paraguay,WATER,1,train,-11.24593831383146,5.423182941529017,-41.320552825927734,8.896536827087402,-9.932810306549072,-21.397560119628906,-12.618617534637451,-7.820875525474548,-6.037742614746092,-18.022570202294446,5.412153812308868,-47.1705436706543,-2.8345515727996826,-16.46395492553711,-27.348107528686523,-19.097176551818848,-14.620925903320312,-13.191281127929686,6.776631888462988,3.3508309311098103,6.528970241546631,0.6137252540404676,0.18119471432381667,0.6199651089350332
USA_1010394,USA,NON_WATER,0,train,-11.496188043018321,2.962497214148129,-30.426332473754883,11.55487060546875,-11.328216075897217,-15.302381420135498,-13.319051027297974,-9.520403623580933,-7.989742898941039,-17.84387971427691,2.8178214804467014,-41.171268463134766,0.936217188835144,-17.705707550048828,-21.425769805908203,-19.612082958221436,-15.940209150314331,-14.415503406524657,6.347691671258588,3.167762443442152,6.281388282775879,0.6487871666320458,0.2243301185447291,0.6421735729674389
USA_1039203,USA,NON_WATER,0,train,-11.230396365634801,2.9728072041134928,-29.800827026367188,6.570636749267578,-10.982370376586914,-15.05317325592041,-12.957113265991211,-9.206438779830933,-7.7453557491302485,-17.37931175900303,2.930740826990841,-47.22119903564453,-4.09051513671875,-17.167247772216797,-21.106128692626953,-19.143406867980957,-15.356403350830078,-13.86504440307617,6.148915393368229,3.068003439089187,6.068518161773682,0.6512464752644392,0.15618582817140303,0.6424796408811546
USA_1049586,USA,NON_WATER,0,train,-10.545977386149094,3.1490657171479985,-27.31111717224121,22.10909652709961,-10.43012523651123,-14.511281585693359,-12.531426191329956,-8.511185646057129,-6.845264339447021,-16.351597929047493,2.908358217987936,-47.1006965637207,7.10017728805542,-16.18341827392578,-19.906132316589357,-18.06180763244629,-14.422290563583374,-12.916633892059327,5.805620542898399,3.049454025263077,5.698923110961914,0.649529297508341,0.6058525254560564,0.6474674458265997
USA_1068362,USA,WATER,1,train,-12.032521970376685,3.983362052310924,-41.9606819152832,9.71751880645752,-11.472517967224121,-17.27223930358887,-14.161954164505005,-9.279682159423828,-7.5698628425598145,-18.06412195906728,4.391451989062097,-50.407806396484375,-0.37801116704940796,-17.275630950927734,-23.523708534240722,-19.8210129737854,-15.227800369262695,-13.603432655334473,6.031599988690594,3.3649372205176236,5.866867542266846,0.6679422366786385,0.1627717612967586,0.6624821858067604
USA_1082482,USA,NON_WATER,0,train,-10.181550166929597,2.966061557097117,-28.130992889404297,10.761445045471191,-9.89689016342163,-14.104708385467529,-11.935690641403198,-8.133978843688965,-6.698451519012451,-16.23953852165687,2.818724246141036,-47.223793029785156,-4.886499404907227,-16.04224395751953,-19.776120567321776,-17.90110158920288,-14.330118656158447,-12.88972120285034,6.0579883547272715,2.95929975566303,6.024326801300049,0.6309540983964367,0.1640982973977636,0.6217124084243759
USA_11422,USA,WATER,1,train,-11.783906911931627,4.490499079310383,-34.795082092285156,11.11606502532959,-10.815747737884521,-18.834253883361814,-14.01096487045288,-8.648867845535278,-6.986887598037719,-18.76467881323515,5.594717970589877,-52.89332580566406,-1.538562536239624,-17.151890754699707,-27.206249237060547,-21.08992338180542,-14.92778205871582,-13.340579986572266,6.980771901303523,3.444442215870627,6.715254306793213,0.6272114044089985,0.15036863492558009,0.6234490397621731
USA_114964,USA,NON_WATER,0,train,-10.46457097997704,3.0112527248756877,-29.64801597595215,10.563253402709961,-10.170507907867432,-14.482130908966065,-12.2264564037323,-8.403501987457275,-6.910379219055176,-16.893543709191363,2.6795293013781087,-34.348670959472656,-6.72361946105957,-16.718963623046875,-20.395372772216795,-18.58266305923462,-15.034759521484375,-13.61432762145996,6.428972729214323,2.9776346430193192,6.385313034057617,0.6223851887315753,0.16019338066169253,0.614476107675015
USA_115033,USA,NON_WATER,0,train,-10.960016825257464,3.041558622514548,-27.353260040283203,8.28525447845459,-10.78506088256836,-14.9019775390625,-12.885963439941406,-8.87935471534729,-7.261125564575192,-16.672598421268958,2.8144646829243904,-47.190513610839844,1.155466914176941,-16.536535263061523,-20.145061683654784,-18.3707013130188,-14.778615951538086,-13.278918075561522,5.7125815960114945,3.0214872733755103,5.652027606964111,0.6614560654113384,0.1720586638332775,0.6554329154230347
USA_170264,USA,WATER,1,train,-11.49146346903185,4.574394549777595,-44.576473236083984,16.563373565673828,-10.769713401794434,-18.09560317993164,-13.411206722259521,-8.644258260726929,-6.809507083892822,-18.83433422649547,6.070273641917973,-53.111698150634766,4.301804542541504,-17.376605987548828,-26.158708572387695,-20.42125368118286,-15.201514959335327,-13.470954227447509,7.342870757463622,4.238661869894497,6.863344430923462,0.6097855548328719,1.940944409070484,0.6121043472444823
USA_179917,USA,NON_WATER,0,train,-9.94402136517887,3.028592989520894,-28.366886138916016,16.228240966796875,-9.948088645935059,-13.600581645965576,-11.80717134475708,-8.152793407440186,-6.46216344833374,-16.62009254319915,2.9261340722423066,-47.008506774902344,11.163671493530273,-16.45910930633545,-20.239944076538087,-18.329326629638672,-14.735187530517578,-13.24395923614502,6.67607117802028,3.093966960957341,6.5557861328125,0.6010462743454528,0.7178825450717508,0.6036652474052893
USA_181263,USA,NON_WATER,0,train,-11.855584442780462,2.683673596423026,-32.07051086425781,7.937187671661377,-11.725074768066406,-15.263885498046875,-13.506953477859497,-10.059160232543945,-8.604601287841797,-18.112397825519956,3.710054423655365,-50.786922454833984,-5.9220075607299805,-17.522001266479492,-22.766011047363282,-19.97307014465332,-15.60581111907959,-14.123638153076172,6.256813382739493,3.5411038301744178,6.0150604248046875,0.6670018591040171,0.15205270824342057,0.6567444408121523
USA_181503,USA,NON_WATER,0,train,-11.886429339726078,3.3036358558903585,-33.70520782470703,5.886042594909668,-11.537661075592041,-16.36092643737793,-13.934351682662964,-9.56030535697937,-7.96983003616333,-17.768850819419868,3.1085493931071766,-49.979183197021484,1.0785812139511108,-17.55242156982422,-21.66840362548828,-19.598201751708984,-15.66115117073059,-14.066321182250977,5.8824214796937895,3.2951525348429804,5.786877632141113,0.6739228988049979,0.17792745540145466,0.6663123335355621
USA_19225,USA,NON_WATER,0,train,-11.145290452675205,3.062142084828345,-34.987152099609375,11.674089431762695,-10.920087814331055,-15.088787746429443,-13.019530296325684,-9.022119998931885,-7.496758460998535,-17.167839041763727,3.166783983965349,-48.77617645263672,-6.0781331062316895,-16.835976600646973,-21.071336364746095,-18.902625560760498,-15.033638954162598,-13.533663749694824,6.022548589088522,3.1713842590637285,5.927803039550781,0.6546894480542153,0.16136960505943934,0.6459118632194414
USA_198411,USA,WATER,1,train,-11.92011759533032,3.8198639652238704,-39.54983901977539,3.5954627990722656,-11.27389907836914,-17.370075225830078,-13.659297466278076,-9.306002616882324,-7.78054666519165,-17.84178961178938,4.977826225379126,-47.395904541015625,-4.863161563873291,-16.82123374938965,-23.10204315185547,-19.322850227355957,-14.84633731842041,-13.307859420776367,5.92167201645906,3.7222778903733253,5.657398223876953,0.67596054096801,0.16221285966815743,0.6660559981238483
USA_211406,USA,NON_WATER,0,train,-10.643667535950804,3.110349510240241,-31.350284576416016,13.479044914245605,-10.250816345214844,-14.928570175170897,-12.505187034606934,-8.45327091217041,-7.037167739868163,-17.030236017351854,2.835748880976684,-47.193580627441406,-3.46333646774292,-16.83535861968994,-20.6366153717041,-18.759305477142334,-15.074408054351807,-13.628211975097656,6.386568481401049,3.055559405414355,6.327579498291016,0.6282069673289913,0.1621145636814236,0.6194566916145134
USA_217598,USA,WATER,1,train,-12.427174238005335,4.364168110982075,-45.437744140625,11.599827766418457,-11.607377052307129,-19.051245880126952,-14.821686744689941,-9.264307022094727,-7.579731845855712,-18.451600483719925,5.242130368460712,-51.876792907714844,-6.4312920570373535,-17.274658203125,-25.885693359375,-19.988800048828125,-15.11610221862793,-13.461665916442868,6.024426245714589,3.38072237675467,5.816291809082031,0.6743888876431767,0.1555132531257855,0.6712147816668729
USA_224165,USA,NON_WATER,0,train,-9.753890534059702,2.424371361039505,-24.883697509765625,13.18204402923584,-9.628361225128174,-12.796345329284668,-11.207202672958374,-8.144001960754395,-6.872015047073364,-17.107582570624686,2.636667291253046,-42.9261589050293,2.204540967941284,-17.09692096710205,-20.406598472595213,-18.815393924713135,-15.400813579559326,-13.817966651916503,7.3536920365649845,3.0980467753469774,7.411605358123779,0.5786089349705695,0.16417196363039088,0.5651951274554003
USA_232060,USA,NON_WATER,0,train,-11.383008543772036,2.9292448101731003,-30.373546600341797,7.98885440826416,-11.169092178344727,-15.22114372253418,-13.209046602249146,-9.347041130065918,-7.846214294433594,-17.73501574126567,2.9443102638377594,-46.97390365600586,-4.673516750335693,-17.576692581176758,-21.502367782592774,-19.554948806762695,-15.704473733901978,-14.116174411773681,6.352007197493634,3.209008698501563,6.267524242401123,0.6481627605248813,0.157627963748044,0.6377962268535452
USA_251323,USA,NON_WATER,0,train,-10.200635672500184,2.6864094384512422,-25.249662399291992,11.965231895446777,-9.958581447601318,-13.622786521911621,-11.68016242980957,-8.404024600982666,-7.09414267539978,-17.0605065197963,2.630689852798367,-46.28901290893555,-4.808569431304932,-16.910690307617188,-20.458768844604492,-18.70711612701416,-15.237072944641113,-13.833813190460205,6.859870847296114,2.9644029038501323,6.827289581298828,0.6034298015860916,0.1507427376923778,0.5934450558060613
USA_347609,USA,NON_WATER,0,train,-11.086236750878813,3.48476593519366,-30.9315128326416,7.934258937835693,-10.63197374343872,-15.914559841156006,-13.247185230255127,-8.592195272445679,-7.007322072982783,-16.588057483699583,3.2446767004627297,-47.27271270751953,-2.308687925338745,-16.250564575195312,-20.657163619995117,-18.427165985107422,-14.362483978271484,-12.857308292388915,5.501820732820769,3.083193486993499,5.46653938293457,0.66976736166095,0.1723892053751124,0.6608061317762097
USA_348639,USA,WATER,1,train,-11.733700004275127,3.831165174051782,-33.35209655761719,15.212315559387207,-11.266700267791748,-16.580242156982422,-13.547707557678223,-9.270641088485718,-7.569256448745727,-18.35338150438652,4.531711113286645,-50.59444046020508,1.5232584476470947,-17.487409591674805,-24.1412296295166,-20.223629474639893,-15.384183168411255,-13.760993766784669,6.619681500111391,3.220089674984986,6.452958106994629,0.6414862684191758,0.19447916213499655,0.638180893929132
USA_350244,USA,NON_WATER,0,train,-10.763007909022052,3.395858111800186,-31.819015502929688,18.222135543823242,-10.605706214904785,-15.072358894348143,-12.841623783111572,-8.612556219100952,-6.889980030059814,-16.981365122674106,3.023159956522281,-44.848854064941406,11.201139450073242,-16.78398036956787,-20.87799243927002,-18.846920013427734,-14.92048192024231,-13.362392044067382,6.2183572136520535,3.1351130482599068,6.098305702209473,0.6342573223000727,0.23981246271733944,0.635471416247259
USA_354981,USA,NON_WATER,0,train,-11.332365807385367,3.0667219553333935,-29.653949737548828,12.266790390014648,-11.18409013748169,-15.304107666015625,-13.295722961425781,-9.256144523620605,-7.649227571487427,-17.08617464886902,2.9923039569873007,-45.809486389160156,-3.3576161861419678,-16.82691192626953,-20.890545463562013,-18.84381866455078,-15.036497354507446,-13.56500720977783,5.753808841483652,2.9288750956043614,5.690822601318359,0.6666638432277618,0.15900141701564768,0.6631641285556085
USA_366607,USA,WATER,1,train,-12.506627355689432,4.831727142801682,-47.29182434082031,13.540224075317383,-11.287301540374756,-20.178117561340333,-14.90958309173584,-9.051867961883545,-7.469590187072754,-19.086856433028856,6.819962013143519,-50.90673065185547,0.24133433401584625,-17.090344429016113,-28.19512367248535,-20.402395248413086,-14.931029796600342,-13.330940246582031,6.580229077339425,4.513311413516399,6.024553298950195,0.6628590970484541,0.23649142009665758,0.6541146055963727
USA_519181,USA,NON_WATER,0,train,-10.729908324860281,3.4124802703164088,-32.79340744018555,16.705520629882812,-10.647172451019287,-14.957549571990967,-12.833468198776245,-8.635445356369019,-6.8615700721740716,-17.031661087365578,3.3049320150322865,-49.998878479003906,10.82824420928955,-16.802884101867676,-21.157191467285156,-18.97713279724121,-14.876202583312988,-13.250609397888184,6.301752762505296,3.2703847431622397,6.156020641326904,0.6259422375144362,3.884977839615393,0.6340831660472956
USA_527077,USA,NON_WATER,0,train,-11.70636610496322,2.9484544920607285,-30.9516544342041,9.421891212463379,-11.631446838378906,-15.490461063385009,-13.638339042663574,-9.674452543258667,-7.987207746505737,-18.047675798617092,3.5947610268496635,-49.599822998046875,-2.426790714263916,-17.625137329101562,-22.52948169708252,-19.92166519165039,-15.63779616355896,-14.003618717193602,6.341309693653873,3.366885320130865,6.182539463043213,0.6570712464595628,0.15434559981032892,0.6480730904572982
USA_646878,USA,NON_WATER,0,train,-10.143047950702693,2.865899249312008,-27.31187629699707,11.414167404174805,-9.994653224945068,-13.815646171569824,-11.91339111328125,-8.208126068115234,-6.684327173233032,-16.967436193689437,3.255775747926652,-47.1319580078125,2.8425962924957275,-16.713311195373535,-21.028979301452637,-18.900032997131348,-14.745796918869019,-13.123446464538572,6.824388242986745,3.0145545529655347,6.7289838790893555,0.6019918315116685,0.23692616535830494,0.5954711096857375
USA_655230,USA,NON_WATER,0,train,-10.706175970096155,2.993367053624469,-31.793437957763672,6.54788064956665,-10.413264274597168,-14.64675235748291,-12.466571807861328,-8.622216701507568,-7.163735389709473,-16.601395690579466,2.8882921692187815,-47.245635986328125,3.000253438949585,-16.363347053527832,-20.27695999145508,-18.30794095993042,-14.6189603805542,-13.174787235260009,5.895219720483311,3.068015695703355,5.850400924682617,0.6498678850412313,0.1666512772044019,0.6385396990424963
USA_66026,USA,NON_WATER,0,train,-10.585820146180623,2.867950224383442,-27.414226531982422,6.770513534545898,-10.283659934997559,-14.40727424621582,-12.224658489227295,-8.622506141662598,-7.258190822601318,-17.116289924981174,2.7414514232396865,-44.6594123840332,-5.055872440338135,-16.958821296691895,-20.647812271118163,-18.823270797729492,-15.210662603378296,-13.765212249755859,6.530469778800551,2.9798321566412262,6.4650139808654785,0.6229084173086533,0.15378532335136585,0.6146890877075257
USA_693819,USA,NON_WATER,0,train,-11.173100731919831,3.2276168795071007,-30.820316314697266,8.805354118347168,-10.89940357208252,-15.508731269836424,-13.245071649551392,-8.873593091964722,-7.258094310760498,-16.76436068255134,2.911598105860993,-51.38384246826172,-4.704962253570557,-16.596675872802734,-20.390797233581544,-18.51260232925415,-14.787663459777832,-13.253773021697999,5.59125995063151,3.075051432575664,5.561100721359253,0.6695812689197129,0.16975987859412822,0.66147788050528
USA_741178,USA,NON_WATER,0,train,-10.823391544368073,3.4459944002983,-29.73633575439453,19.073152542114258,-10.780683517456055,-14.945701789855956,-12.834329605102539,-8.919391632080078,-7.18782753944397,-17.166807443493,3.0965925156252845,-46.99677276611328,10.480340003967285,-16.976585388183594,-21.022647857666016,-18.982261657714844,-15.158164978027344,-13.612734699249268,6.343415899124924,3.2270478956098136,6.178103685379028,0.6465913693613319,5.766967519517682,0.636614188121342
USA_758178,USA,NON_WATER,0,train,-11.08804615163676,3.1149296159226494,-32.322017669677734,10.6558198928833,-10.77565860748291,-15.227899932861327,-12.936816215515137,-8.907994270324707,-7.430507850646972,-17.227473378202376,3.163374354388271,-47.57260513305664,-2.2448461055755615,-16.914408683776855,-21.18380355834961,-19.009299755096436,-15.068627119064331,-13.574963569641113,6.139427226565616,3.271893171141031,6.050565719604492,0.6492778180963622,0.16546581822142892,0.6374030498201133
USA_770353,USA,WATER,1,train,-11.489969993860546,4.097550835510256,-33.74466323852539,18.61863136291504,-10.829201698303223,-17.31386795043945,-13.45072865486145,-8.72720718383789,-7.010985565185546,-18.398957434944265,5.017137499396549,-47.11022186279297,4.861273288726807,-17.29862403869629,-25.570854568481444,-20.50402021408081,-15.017297744750977,-13.287652015686035,6.908987441083719,3.286260331479784,6.7314839363098145,0.6260861022693437,0.3941189057490207,0.6212584169452164
USA_788696,USA,WATER,1,train,-14.669291743959223,5.293623689140653,-35.80317306518555,12.768694877624512,-13.56154203414917,-21.697335624694823,-19.589487075805664,-10.206541061401367,-8.269941329956055,-22.407878903682104,7.947745674945169,-54.65358352661133,-0.7619383335113525,-19.256948471069336,-33.23295097351074,-28.892475128173828,-15.966911792755127,-14.112034893035888,7.738587159722881,4.646141558821861,7.011310577392578,0.6629881024998283,0.14575535748827428,0.6597319147008087
USA_86502,USA,WATER,1,train,-11.85442445198266,2.770289056247974,-27.10141372680664,14.97262954711914,-11.709497928619385,-15.395024299621582,-13.538671493530273,-10.039238929748535,-8.577595138549803,-20.628960002967062,4.205981046146244,-47.06084442138672,0.2226490080356598,-20.0850887298584,-26.056921768188474,-22.99887466430664,-17.652559280395508,-15.84134292602539,8.774535550984403,3.9039684538729276,8.44576644897461,0.5852143682943949,0.2944214156870129,0.5780364788357444
USA_905409,USA,WATER,1,train,-12.812584782738776,4.533305945655976,-31.781105041503906,13.142108917236328,-11.783510684967041,-20.021562576293945,-15.41369104385376,-9.517300605773926,-7.8710778713226315,-19.137953022838246,5.947037156215975,-47.90217590332031,-1.29961097240448,-17.430283546447754,-28.689938354492188,-20.43064785003662,-15.362326622009277,-13.79540901184082,6.32536824009947,3.6803089849074535,6.014109134674072,0.6728415962674646,0.15397184016306326,0.6686601350579061
USA_908474,USA,NON_WATER,0,train,-11.976534957994936,3.1432098365758274,-26.631832122802734,18.22730827331543,-12.003551959991455,-15.925074672698974,-14.048708200454712,-9.95796513557434,-8.124137878417969,-18.826917682729885,3.4902238411574653,-47.096954345703125,5.964843273162842,-18.63539218902588,-23.376344680786133,-21.072882175445557,-16.372854232788086,-14.541593551635742,6.85038272473495,3.1802535541529715,6.702194690704346,0.6412082654583167,0.358428965298429,0.6388884288666967
USA_955053,USA,WATER,1,train,-12.747990141853876,4.6524923965913185,-47.36436080932617,14.273825645446777,-11.743372440338135,-19.971789932250978,-14.890058040618896,-9.495014190673828,-7.805725240707396,-19.79858183280703,6.4920554124814815,-56.32072448730469,-6.4423909187316895,-18.010645866394043,-28.482212829589844,-22.25071144104004,-15.510534763336182,-13.692166996002197,7.050591690953155,4.407787090574231,6.5286078453063965,0.6519681176258124,0.15889789066112137,0.6413474053535086
USA_994009,USA,NON_WATER,0,train,-11.457301129805735,3.2080473951256754,-32.6587028503418,23.054107666015625,-11.349444389343262,-15.63986711502075,-13.571327686309814,-9.219355344772339,-7.502785921096802,-17.10052921300803,2.7975143298698764,-47.11249542236328,-0.726010799407959,-16.970481872558594,-20.639060974121094,-18.851806163787842,-15.195343017578125,-13.665432167053222,5.643228083202295,2.88508161074244,5.595616817474365,0.6709077459605955,0.16745229370017922,0.6695491052241311
Bolivia_103757,Bolivia,WATER,1,validation,-13.010353933399076,5.581782539753873,-40.821441650390625,-0.6905989646911621,-11.734638214111328,-20.826812744140625,-17.729073524475098,-8.236093997955322,-6.536951923370361,-19.28688365731361,6.35784584950799,-48.24835968017578,-6.994661331176758,-17.57822608947754,-27.856222915649415,-24.392274856567383,-13.96014404296875,-12.237010765075683,6.276529723914533,3.5346990899993065,6.076333999633789,0.6659562745545329,0.16343454565823948,0.6639669179106666
Bolivia_129334,Bolivia,WATER,1,validation,-14.148341673038626,4.710838085723087,-36.82529830932617,0.4744816720485687,-14.907347679138184,-19.737113571166994,-17.575883865356445,-10.415940761566162,-7.2574872970581055,-22.668456094701288,6.373283029253676,-54.34866714477539,-6.3170928955078125,-23.675783157348633,-29.83900566101074,-26.794663429260254,-17.450154304504395,-13.515520286560058,8.520114421662662,4.441168500359404,8.041910648345947,0.6274115382209441,0.14850178233529257,0.6241341756113342
Bolivia_195474,Bolivia,NON_WATER,0,validation,-7.89031106077573,2.444056796734921,-23.107797622680664,7.00493049621582,-7.727374792098999,-11.052201080322265,-9.390335083007812,-6.194929718971252,-4.926754331588745,-14.069744575616959,2.4086339061022786,-35.958290100097656,0.08897902816534042,-13.867066860198975,-17.14701805114746,-15.48213005065918,-12.422608852386475,-11.206976032257078,6.179433514841229,2.7192379570443537,6.158403635025024,0.5652920597808503,0.7846737384074451,0.5565763326309761
Bolivia_233925,Bolivia,NON_WATER,0,validation,-9.433744583343358,2.7231081457449933,-89.78575897216797,-1.1250704526901245,-9.275923252105713,-12.2135910987854,-10.782671451568604,-7.848342776298523,-6.603428602218628,-14.914524341447967,3.0951526751768568,-103.87602996826172,-6.185252666473389,-14.662403583526611,-17.75670623779297,-16.224026203155518,-13.220467805862427,-12.014729499816895,5.480779758104608,2.898706858092842,5.427484035491943,0.6419936656321044,0.16352559897616709,0.6296281341097949
Bolivia_242570,Bolivia,WATER,1,validation,-11.874885785763581,3.5081857589459133,-38.02528762817383,-1.0283496379852295,-11.295876502990723,-16.879978370666503,-13.999534368515015,-9.342789888381958,-7.865648555755615,-18.593171622163936,4.499329447299745,-54.61154556274414,-6.917205333709717,-17.9083890914917,-24.597042846679688,-21.513376712799072,-15.153870105743408,-13.418864727020264,6.718285836400355,3.5195318182371635,6.52875280380249,0.6468965817753277,0.15139132489697057,0.6373580707163478
Bolivia_294583,Bolivia,WATER,1,validation,-9.509018299859283,5.041338651701051,-40.45533752441406,2.5029430389404297,-8.052605628967285,-18.493739700317384,-10.179246187210083,-6.502628684043884,-5.272368431091309,-15.14297219062064,4.39437203861673,-48.29588317871094,-5.808106899261475,-13.930291652679443,-22.457522201538087,-16.274312019348145,-12.318795442581177,-11.092502498626708,5.633953890761356,3.1427536610915157,5.639912366867065,0.6153017713365037,0.195110780895418,0.5953381043914273
Bolivia_314919,Bolivia,WATER,1,validation,-13.104927306150415,5.373087101054172,-48.3681640625,8.278704643249512,-12.549657821655273,-20.454325103759764,-17.34797191619873,-8.563356399536133,-6.5716784477233885,-20.47774014501556,6.019472501202459,-48.38965606689453,3.168764114379883,-20.48369026184082,-27.949224853515624,-24.798727989196777,-15.251966714859009,-12.980781364440919,7.372812838865144,4.0061718075467585,7.0962889194488525,0.6338573071508423,0.2345736788029902,0.6298368223570401
Bolivia_432776,Bolivia,WATER,1,validation,-12.288258378994884,5.431146902959808,-68.3624267578125,1.2049789428710938,-11.32413101196289,-19.62772331237793,-16.441213607788086,-7.894591569900513,-6.006278419494627,-20.166589302287864,5.729696549646706,-82.45033264160156,-7.053070545196533,-19.826112747192383,-26.81398696899414,-23.701138496398926,-15.812007427215576,-13.40088882446289,7.878330923292979,4.064884278848767,7.636285781860352,0.6014354669755417,0.18244065702750265,0.600026058675125
Bolivia_76104,Bolivia,NON_WATER,0,validation,-9.23294350714825,2.1717508555072937,-21.967544555664062,0.31533199548721313,-9.194250106811523,-12.0162202835083,-10.656266212463379,-7.772406697273254,-6.491588830947875,-14.743095586683921,2.385644628957683,-34.948543548583984,-6.090136528015137,-14.58411693572998,-17.828951263427733,-16.2150239944458,-13.096823453903198,-11.848875904083252,5.510152079535672,2.8892471355210447,5.435539245605469,0.6376666342493361,0.16605284762045144,0.6262414378257681
Pakistan_1027214,Pakistan,WATER,1,validation,-12.192418935628055,5.085626347377315,-34.93605422973633,2.809725761413574,-11.176459789276123,-19.45133228302002,-16.637569427490234,-8.19661808013916,-6.148696279525756,-20.95921243237899,6.359036643622254,-47.60755920410156,-7.224615097045898,-19.63619899749756,-29.274379920959472,-25.46308708190918,-15.850406169891357,-13.85097599029541,8.766793496750935,4.130126690983915,8.410703182220459,0.5778093707216188,0.1638512233495913,0.5810404061671699
Pakistan_1036366,Pakistan,WATER,1,validation,-11.233539703422792,3.691694217172576,-42.88795852661133,5.504057884216309,-10.762187004089355,-16.167055130004883,-13.007769346237183,-8.80025863647461,-7.0763164997100825,-18.380170143498617,4.522547468929273,-54.27027893066406,-7.569937229156494,-17.39630699157715,-24.54288921356201,-20.338584899902344,-15.338347911834717,-13.784768199920654,7.146630440075825,3.7137519342143532,6.9363694190979,0.6184092501968736,0.16516222105282571,0.6116662894488412
Pakistan_132143,Pakistan,NON_WATER,0,validation,-9.133713415221312,2.6229938803871646,-25.466920852661133,10.03133487701416,-9.108694553375244,-12.393790245056152,-10.79558515548706,-7.4524747133255005,-5.866205406188962,-15.422054519785888,3.127805351264413,-47.732540130615234,-5.286617279052734,-15.06954050064087,-19.431249809265136,-17.187182426452637,-13.253553867340088,-11.806264781951905,6.2883411045645765,3.680889532898599,5.944903373718262,0.6100616837056358,0.19230763055650943,0.6072194113289902
Pakistan_167553,Pakistan,NON_WATER,0,validation,-10.727372513254167,4.529693861293297,-31.5108699798584,19.36794090270996,-10.971802234649658,-16.360604667663573,-13.92582392692566,-7.774852156639099,-4.794925785064696,-19.264019857860262,4.200289398818906,-50.79191970825195,3.011573314666748,-19.048388481140137,-24.626247215270997,-21.927409648895264,-16.36467170715332,-14.179638290405274,8.536647344606095,3.5128696121107033,8.358020544052124,0.544824124926588,0.2634887488370087,0.5673121716195149
Pakistan_210595,Pakistan,NON_WATER,0,validation,-10.648973385586913,2.536541601946562,-23.336946487426758,4.654808521270752,-10.642352104187012,-13.844587326049805,-12.297876596450806,-9.0132315158844,-7.508393812179565,-17.95324003665155,3.2715176097903025,-48.01552200317383,-6.089413166046143,-17.604843139648438,-22.103962707519532,-19.784062385559082,-15.750462532043457,-14.19802436828613,7.304266651064637,3.247153308183258,7.152735233306885,0.6014873333422521,0.14390891931436253,0.5940018231523596
Pakistan_336228,Pakistan,NON_WATER,0,validation,-6.471974478160799,3.563667413916449,-27.637081146240234,7.782470226287842,-6.031544208526611,-10.837884140014648,-8.160470008850098,-4.157737374305725,-2.551870894432067,-15.53566335517462,3.4012688116101755,-47.57923889160156,-6.040896415710449,-14.901598453521729,-19.614203453063965,-16.83857536315918,-13.35316014289856,-12.121361827850341,9.06368887701382,3.3351610058362735,8.931067824363708,0.4137271156728692,0.19153326888231828,0.4109866909020674
Pakistan_35915,Pakistan,WATER,1,validation,-13.053171748405589,3.8079356966901416,-38.000770568847656,2.211752414703369,-12.584724426269531,-18.516727447509766,-15.509212017059326,-10.350969076156616,-8.484138584136963,-21.272272235777564,5.606052889420274,-48.59144973754883,-7.034748077392578,-20.601780891418457,-28.398746681213378,-24.662224292755127,-17.134886264801025,-14.75551700592041,8.219100487371975,4.200894643311373,7.866105556488037,0.6237516595891918,0.14408724535921075,0.6163672114276484
Pakistan_366265,Pakistan,NON_WATER,0,validation,-10.297735760137437,3.540161984839617,-31.04475975036621,16.128679275512695,-10.108113288879395,-14.912994194030762,-12.520700931549072,-7.849080443382263,-5.967637586593628,-19.478156845012563,4.5209678371120505,-47.834598541259766,-4.497114181518555,-18.98038387298584,-25.065386962890624,-22.01909112930298,-16.267443656921387,-14.306206703186035,9.180421084875126,3.9594692745916884,8.953994035720825,0.5333774344544223,0.16129039843320067,0.5282296760355242
Pakistan_43105,Pakistan,NON_WATER,0,validation,-10.520550358433475,2.9465190993658683,-28.288427352905273,2.745039939880371,-10.317755699157715,-14.333389282226562,-12.301742553710938,-8.52649974822998,-6.984225749969482,-18.634272375538426,4.136183661780641,-47.59080505371094,-8.068363189697266,-17.93219566345215,-24.118640899658203,-20.702985763549805,-15.821310043334961,-14.133845329284668,8.113722017104951,3.8459753463973465,7.874234199523926,0.5765131747561062,0.1569058292132969,0.5688429326430343
Pakistan_528249,Pakistan,NON_WATER,0,validation,-8.661763245291517,3.117085551751857,-27.72484588623047,3.487161636352539,-8.340952396392822,-12.880028057098388,-10.551262378692627,-6.485610723495483,-4.96100754737854,-18.21656930415702,3.788854688334073,-47.489013671875,-8.381501197814941,-17.513569831848145,-23.46735610961914,-20.024314403533936,-15.626606464385986,-14.156212139129638,9.554806058865502,3.435880161005044,9.48552417755127,0.478530003181497,0.1520040894845453,0.4735392109049966
Pakistan_65724,Pakistan,NON_WATER,0,validation,-8.396553436995273,3.708261403320052,-26.083904266357422,11.822362899780273,-8.015987396240234,-13.561999225616452,-10.568025827407837,-5.814646124839783,-3.9870605468749996,-17.035107578086127,4.051931905674216,-49.16130447387695,0.7193731069564819,-16.23292350769043,-22.430965614318847,-18.84831666946411,-14.315007209777832,-12.836441040039062,8.638554141090854,3.6253620196436303,8.422428131103516,0.4931343113132015,0.18563641637123293,0.49809020079090305
Pakistan_667363,Pakistan,NON_WATER,0,validation,-8.635112396447276,3.704354398992035,-29.214588165283203,8.718287467956543,-8.132035732269287,-13.846614933013916,-10.579750061035156,-6.106774091720581,-4.441143274307251,-17.268760514927635,4.1809988763209205,-49.79814147949219,-5.7175984382629395,-16.47450351715088,-22.882504653930663,-19.324663162231445,-14.384634733200073,-12.815349769592284,8.633648118480359,3.6569996337775574,8.391929864883423,0.500869566413735,0.17587060957254694,0.4989087686493518
Pakistan_740461,Pakistan,NON_WATER,0,validation,-11.368393786971549,4.777778509632835,-32.708351135253906,6.918482303619385,-10.608123302459717,-18.319727516174318,-14.928979873657227,-7.736560940742493,-5.655556774139403,-19.246611484651567,5.522332902955271,-50.79145431518555,-1.2600821256637573,-17.987868309020996,-26.796210479736327,-22.79716682434082,-15.10092568397522,-13.234269714355468,7.878217697680018,3.8171947577989367,7.561148166656494,0.5864231428529546,0.17527151966697116,0.5934055199209824
Pakistan_760290,Pakistan,NON_WATER,0,validation,-11.781710065384628,3.516407329818012,-37.99095153808594,12.86832046508789,-11.917344093322754,-15.963668823242188,-14.000202178955078,-9.812146663665771,-7.587881278991699,-20.440864597195286,4.348747948241487,-49.956321716308594,-1.7716608047485352,-20.164586067199707,-25.626191520690917,-22.826480865478516,-17.628594398498535,-15.35866470336914,8.659154531810659,4.116498448842246,8.289567470550537,0.5833301914654494,0.16803509485884266,0.5868176254256865
Pakistan_849790,Pakistan,WATER,1,validation,-9.866894661758636,3.7058531315927525,-29.129093170166016,1.5755544900894165,-9.258063316345215,-15.220447158813476,-11.865312576293945,-7.246055006980896,-5.687004375457762,-18.54529210371402,4.404614979899885,-49.52626419067383,-7.523432731628418,-17.86776828765869,-24.303841590881348,-21.01238489151001,-15.40404486656189,-13.6139778137207,8.678397441955383,3.336111971541472,8.549047470092773,0.5309284558310978,0.14905970609694796,0.5249028172990047
Pakistan_94095,Pakistan,WATER,1,validation,-13.75808510690257,4.9370791587951555,-41.065982818603516,1.577284574508667,-13.42289924621582,-20.24030456542969,-17.95148468017578,-9.617156505584717,-7.445209789276122,-22.804345823416952,6.540647530133483,-58.28885269165039,-7.655535697937012,-22.56011390686035,-30.842975997924803,-27.10799217224121,-17.419182300567627,-14.88919162750244,9.046260716514382,4.361043653722604,8.613356113433838,0.6033184721068627,0.14683648378532307,0.6022864841269664
Spain_1167260,Spain,WATER,1,validation,-11.28914131353959,4.651691760135231,-46.37406539916992,29.926393508911133,-10.692757606506348,-17.385192108154293,-13.193016290664673,-8.632020950317383,-6.636515951156614,-18.839159968134815,4.922384559054248,-48.39236831665039,8.728548049926758,-17.980884552001953,-25.274317932128906,-20.95478916168213,-15.777774095535278,-13.876356410980224,7.550018654595226,3.4593839491804763,7.349721431732178,0.5963255016734106,2.2965131863665498,0.5976199790114918
Spain_2472849,Spain,NON_WATER,0,validation,-9.150305962488865,4.043027923475477,-25.402368545532227,18.294143676757812,-9.773688793182373,-13.417024040222168,-11.725601196289062,-7.437180280685425,-3.8784652233123773,-16.83129892358472,3.5094151354134975,-43.28633117675781,6.577904224395752,-16.89333724975586,-20.92418518066406,-18.913588523864746,-14.907694816589355,-12.813600540161133,7.6809929610958525,3.590282501766522,7.396236419677734,0.5367130902087066,1.2460513820115329,0.5680894745210954
Spain_2523247,Spain,NON_WATER,0,validation,-9.995531308910156,4.3615313109552165,-39.05948257446289,27.659074783325195,-10.356942176818848,-14.664045333862305,-12.516944885253906,-8.051421880722046,-4.807115793228148,-17.571023284404063,4.233097778250778,-47.006988525390625,16.763376235961914,-17.41860008239746,-22.62031536102295,-19.951496124267578,-15.109792947769165,-12.782734298706053,7.575491975493907,3.5724783302034813,7.318508625030518,0.5550623632255304,1.177712140558027,0.5830563990227502
Spain_3285448,Spain,WATER,1,validation,-12.561073276451653,6.325038641387231,-46.68904495239258,17.27616310119629,-10.907129764556885,-23.04730644226074,-14.839706420898438,-8.700101852416992,-6.590247440338132,-19.894972350385046,7.325034704959332,-47.099266052246094,8.267282485961914,-17.41930103302002,-31.102132606506345,-22.578357696533203,-15.104470491409302,-13.327160549163818,7.333899073933393,4.103390964530535,6.865631580352783,0.6159646833345315,1.066483900060257,0.6283005247332079
Spain_4282030,Spain,WATER,1,validation,-13.661771134998121,5.588265928424013,-44.79744338989258,16.605451583862305,-12.34252405166626,-22.474294281005857,-16.80642032623291,-9.835624933242798,-7.828634166717529,-21.93539346914494,6.5465945527953116,-58.431278228759766,4.2994890213012695,-20.244404792785645,-30.94675922393799,-25.793869495391846,-17.193208694458008,-15.173943519592285,8.27362233414682,4.015075867357957,7.889205455780029,0.6174330231025189,0.7651218333123407,0.6179124674086621
Spain_5650136,Spain,WATER,1,validation,-15.679039888361544,6.9599915093602265,-47.103511810302734,11.904999732971191,-12.979379177093506,-25.947069931030274,-22.409173488616943,-10.299180030822754,-8.536750507354736,-23.146890053921595,8.1156761625646,-57.42806625366211,7.80930233001709,-20.03488063812256,-34.68230209350586,-29.02416753768921,-16.924360275268555,-15.162388515472411,7.46785016556005,4.280966821825042,7.03281307220459,0.6693981657445918,0.2702523247396468,0.6634791535203628
Spain_5816638,Spain,NON_WATER,0,validation,-9.873081990636365,3.558159716807187,-24.3780460357666,19.185457229614258,-10.244964122772217,-13.812353897094727,-12.124893426895142,-8.158643245697021,-5.586062717437739,-16.858422803555648,3.5548529926015635,-39.46833419799805,14.670994758605957,-17.030506134033203,-20.922624397277833,-19.00932216644287,-15.031147003173828,-12.84817304611206,6.985340812919282,3.1709716896228954,6.8507280349731445,0.5823008181520086,1.1638928786525569,0.5959496030466765
Spain_5923267,Spain,WATER,1,validation,-22.965011967984815,7.538294310391469,-53.18175506591797,11.767354011535645,-25.105316162109375,-30.385056686401366,-27.71794319152832,-18.390469551086426,-10.80546073913574,-31.990374200298902,9.56725341204835,-55.9581413269043,-4.99265718460083,-32.77666473388672,-45.8240161895752,-38.56440544128418,-26.41639280319214,-17.19784412384033,9.025362232314084,6.314537542937959,8.089499473571777,0.7212816111439969,0.1688987927430215,0.7131690253652277
Spain_6199994,Spain,NON_WATER,0,validation,-10.097659074558303,3.215648566258738,-26.46768569946289,23.647417068481445,-10.348798274993896,-13.544003200531005,-12.018070697784424,-8.634204626083374,-6.744242191314697,-16.843013318232206,3.3240344513347413,-38.52141571044922,13.490933418273926,-16.965020179748535,-20.604951095581054,-18.814032077789307,-15.13636589050293,-13.275327777862548,6.745354243673901,2.978339328141206,6.681768417358398,0.6003139624779539,1.9861770034060027,0.6049511455875487
Spain_6860600,Spain,NON_WATER,0,validation,-10.017607105138282,3.1322504978596886,-26.99415397644043,25.60030746459961,-10.202888488769531,-13.483438968658447,-11.904569387435913,-8.4821457862854,-6.664059162139893,-17.0445486549206,3.045658930574196,-35.80205154418945,7.2440643310546875,-16.947589874267578,-20.770048904418946,-18.837955474853516,-15.20992922782898,-13.61010980606079,7.026941549782318,3.1327630187037507,6.879201889038086,0.5838873180806256,1.8105885338484606,0.5963490574116783
Spain_7370579,Spain,WATER,1,validation,-11.36284442165545,5.6399366892321545,-39.241085052490234,25.647573471069336,-10.48145866394043,-19.864444732666016,-14.099410057067871,-8.029014825820923,-5.603203296661375,-19.108969325830188,5.738931162210588,-47.060482025146484,4.432816028594971,-17.73406982421875,-27.318195152282716,-21.91699743270874,-15.263518333435059,-13.407868003845214,7.746124904174741,3.818794487288282,7.395427227020264,0.5723597526549046,2.1180956389091863,0.5985407762193105
Spain_7387658,Spain,WATER,1,validation,-14.506246799572239,6.8687266246183265,-46.73637771606445,21.006298065185547,-13.733429908752441,-23.59476833343506,-20.38042640686035,-9.40170931816101,-6.388266563415525,-23.210000369303692,7.499051400505083,-50.89105224609375,16.239166259765625,-22.423669815063477,-32.716644287109375,-28.233434200286865,-17.534291744232178,-14.642073059082028,8.703753569731454,4.431002630559372,8.262001991271973,0.6077977852555441,3.160722452303284,0.6232060312406934
Spain_7558720,Spain,NON_WATER,0,validation,-9.745213732995616,3.3033943785358777,-34.681514739990234,23.036691665649414,-9.697043418884277,-13.587176513671874,-11.592762231826782,-7.935181498527527,-6.229213857650756,-16.450522033201125,3.522917861669495,-48.55954360961914,6.697352886199951,-16.118135452270508,-20.79265785217285,-18.269938468933105,-14.29237174987793,-12.68311071395874,6.705308300205509,3.0960924828149574,6.58102560043335,0.5915538202927744,0.8035233399829671,0.596417868755553
Spain_8372658,Spain,WATER,1,validation,-12.601256429864916,6.701127231677083,-46.83738708496094,36.83202362060547,-11.153783798217773,-22.713057136535646,-17.038640022277832,-8.338158369064331,-5.758264541625977,-20.909585950276778,7.1176045017253875,-51.96451187133789,10.9528169631958,-18.751395225524902,-31.03828945159912,-25.67507553100586,-15.820036888122559,-13.82475929260254,8.30832952041186,4.420919612833259,7.753006175160408,0.5808951667888116,1.234646856787094,0.6042744731664808
Spain_8565131,Spain,WATER,1,validation,-12.922077493318666,4.949211818500763,-52.048709869384766,16.280344009399414,-11.797022342681885,-20.80471038818359,-14.69332504272461,-9.773496627807617,-8.080641746520996,-20.19503291732599,5.647280559848959,-51.55350875854492,-2.2653586864471436,-18.75526523590088,-28.023477363586426,-22.456514835357666,-16.448644638061523,-14.733234882354736,7.272955424007323,3.6484414396111067,7.0182764530181885,0.6375369054177138,0.15626447228725893,0.6332354989054465
Somalia_12849,Somalia,WATER,1,test,-14.338459587702513,3.3599810938011205,-42.102745056152344,12.196305274963379,-14.133476257324219,-18.69015655517578,-16.394195556640625,-12.055882453918457,-10.2632230758667,-22.91187334892605,4.841353900537787,-51.915321350097656,2.898597478866577,-22.51419448852539,-28.862909507751464,-25.683940887451172,-19.584113597869873,-17.21307907104492,8.573413761223538,4.004370812749663,8.209518432617188,0.6372724361879819,1.5063254152875103,0.6291519133175412
Somalia_166342,Somalia,NON_WATER,0,test,-11.857493725859968,2.572695580825307,-27.52281379699707,-2.813397169113159,-11.747862339019775,-15.211676597595215,-13.532310247421265,-10.052445888519287,-8.622671508789061,-17.736720980134123,3.0232021463599943,-47.418701171875,-7.7296366691589355,-17.539538383483887,-21.650518798828124,-19.63195514678955,-15.608353853225708,-14.02416009902954,5.879227254274156,2.7924470835703104,5.820746898651123,0.6752734678074277,0.13437143316715836,0.6675149205186068
Somalia_167787,Somalia,NON_WATER,0,test,-14.01647571609075,2.6776676251209945,-34.1387825012207,0.3031092882156372,-14.011355876922607,-17.322625732421876,-15.717352151870728,-12.273539543151855,-10.637577724456786,-20.91583779724533,4.011326301415904,-50.251766204833984,-6.9548797607421875,-20.81978988647461,-25.85013370513916,-23.342541217803955,-18.297584056854248,-15.883191299438476,6.899362081154581,3.5454970593737873,6.649630546569824,0.6820140836394375,0.12957480881837133,0.6735947408854571
Somalia_195014,Somalia,NON_WATER,0,test,-11.133271966287793,1.9771963281199254,-24.00997543334961,-3.256425380706787,-11.05546522140503,-13.684623336791992,-12.406512260437012,-9.772282361984253,-8.670932483673095,-16.543303230933816,2.1731984623225635,-37.98169708251953,-8.428604125976562,-16.420000076293945,-19.301596450805665,-17.872108936309814,-15.055386781692505,-13.897568988800048,5.4100312646460225,2.6160651765264356,5.391081809997559,0.681404620641142,0.13638752971065363,0.6711915148311074
Somalia_205466,Somalia,NON_WATER,0,test,-11.64017732278171,2.1222874907134046,-24.874116897583008,-2.5159056186676025,-11.490087985992432,-14.352759647369384,-12.91480803489685,-10.190653085708618,-9.088106155395508,-17.401319882028474,2.364553943463815,-38.3635139465332,-9.30813217163086,-17.18484115600586,-20.345448303222657,-18.71907615661621,-15.79740834236145,-14.652346324920654,5.761142559246764,2.638946155974402,5.7486162185668945,0.6762348073446446,0.1301622181061042,0.6664541781266784
Somalia_230192,Somalia,NON_WATER,0,test,-13.71539523244337,2.917491466952263,-28.15744400024414,-3.6522374153137207,-13.601407527923584,-17.54863929748535,-15.658690452575684,-11.654728889465332,-10.031261348724362,-19.78095259944166,3.793616968518513,-47.02149200439453,-7.862863540649414,-19.547563552856445,-24.78426914215088,-22.27244806289673,-17.03272294998169,-15.05175085067749,6.065557366998291,2.9937293696492127,5.975430011749268,0.7010617279758976,0.12556138968947717,0.6930477228185952
Somalia_256539,Somalia,NON_WATER,0,test,-10.942764085775238,3.0602268899345586,-27.278440475463867,17.74751091003418,-10.836451530456543,-14.877669620513915,-12.874989748001099,-8.924842596054077,-7.218169546127319,-18.599132061597686,3.648182447514096,-47.54434585571289,7.916557788848877,-18.27216911315918,-23.364157485961915,-20.79921865463257,-16.051778316497803,-14.275039958953858,7.656367975822448,3.2656011671091596,7.581418514251709,0.5939672049026293,0.23549687890134294,0.5899998333370036
Somalia_322855,Somalia,WATER,1,test,-10.284939548437649,3.2416608350507214,-37.6495361328125,0.6321398019790649,-9.744603157043457,-14.386978530883788,-11.737871646881104,-8.12494945526123,-6.838881111145019,-16.104470878130087,4.477678421793921,-47.67980194091797,-6.115029811859131,-14.965099334716797,-22.54438419342041,-18.010066509246826,-13.053055763244629,-11.652830696105957,5.819531329692438,3.480987568026371,5.514604091644287,0.6522248187234543,0.16484441118051874,0.640042021049642
Somalia_32375,Somalia,NON_WATER,0,test,-13.535980524846057,2.8280366349440382,-28.218412399291992,-2.9141881465911865,-13.37732458114624,-17.251237869262695,-15.347104787826538,-11.55835485458374,-10.042141914367676,-19.82757007217606,3.364382268884514,-49.30238723754883,-8.522970199584961,-19.537256240844727,-24.148584365844727,-21.813575744628906,-17.500236988067627,-15.841104507446289,6.29158954733,2.9865974798554253,6.219723701477051,0.6889420290067515,0.12793261369729017,0.6816003622990663
Somalia_371421,Somalia,WATER,1,test,-12.278141860386171,3.1936589315769157,-31.98052406311035,-0.07346539944410324,-11.971935749053955,-16.589360809326173,-14.28583812713623,-10.009528636932373,-8.457922554016113,-19.123480463955275,3.821735302914207,-47.35078048706055,-6.422182083129883,-18.78492832183838,-24.061207008361816,-21.422058582305908,-16.442760467529297,-14.579827880859375,6.845338603569104,3.1327318941561852,6.720497131347656,0.6468818115776788,0.1363265050393876,0.6393339192603404
Somalia_60129,Somalia,NON_WATER,0,test,-12.117569278523149,2.926866569219885,-26.310657501220703,0.41956454515457153,-12.062902450561523,-15.91743335723877,-14.08036756515503,-10.123772621154785,-8.415287590026855,-18.125829804179375,3.2625562675739572,-42.04541778564453,-6.296524524688721,-17.907155990600586,-22.40424175262451,-20.213398456573486,-15.837845087051392,-14.140503215789794,6.008260525656226,2.807326889641061,5.968142509460449,0.6726799913753531,0.13769683602817337,0.6671700546206144
Somalia_61368,Somalia,NON_WATER,0,test,-11.326722934553345,2.484151132355667,-28.058788299560547,-1.960696816444397,-11.220966815948486,-14.574108505249024,-12.957700490951538,-9.582177639007568,-8.203192901611327,-16.916155959919706,2.8263779396145368,-47.3519401550293,-7.953036308288574,-16.731656074523926,-20.605050468444823,-18.70589303970337,-14.912294626235962,-13.43854236602783,5.589433025366361,2.7409491087990054,5.545046329498291,0.6766835571322916,0.1400776771573697,0.6680296168110981
Somalia_626316,Somalia,WATER,1,test,-14.064902355049526,3.8078370535198633,-47.418209075927734,-3.1478888988494873,-13.43886947631836,-19.27927360534668,-16.160955905914307,-11.36706018447876,-9.80786027908325,-20.294482808363682,4.597760220418854,-49.93235778808594,-8.918181419372559,-19.556257247924805,-26.34722156524658,-22.951587677001953,-16.966122150421143,-15.144537544250486,6.229580453314156,3.4745097470159187,6.016559600830078,0.6998087499744817,0.14088779102534907,0.6925849076965085
Somalia_685158,Somalia,WATER,1,test,-11.716021067833026,3.0296958030221166,-35.76026153564453,-1.449386477470398,-11.35913896560669,-15.670236682891845,-13.375476360321045,-9.650786638259888,-8.250085735321045,-17.49547228568008,3.9072732714382106,-47.327919006347656,-6.06334924697876,-16.859134674072266,-22.629459571838378,-19.53903102874756,-14.785428285598755,-13.200569915771483,5.779451217847054,3.468884538968109,5.480337619781494,0.6822392385063745,0.15821859217135067,0.6756176102603577
Somalia_7931,Somalia,NON_WATER,0,test,-9.779054635003376,2.0544051270037094,-21.435157775878906,-2.6892831325531006,-9.674185752868652,-12.441722774505616,-11.080774545669556,-8.36482048034668,-7.239302921295166,-15.407248448555038,2.2854653491889105,-38.78050994873047,-7.208049774169922,-15.268406867980957,-18.350734138488768,-16.812586784362793,-13.828702688217163,-12.617903232574461,5.628193813551661,2.644497937842823,5.603909969329834,0.6436884569267455,0.1457872113670637,0.632330433204093
Somalia_886726,Somalia,WATER,1,test,-12.999684121855807,3.992884546606642,-46.3815803527832,-1.170570731163025,-12.383650779724121,-18.351030349731445,-15.104631423950195,-10.202296495437622,-8.52950916290283,-18.255739808690123,4.366114681350675,-49.57455062866211,-6.683744430541992,-17.600099563598633,-23.962171363830567,-20.570066928863525,-15.19909954071045,-13.40270538330078,5.256055686834316,3.190433272986923,5.172913551330566,0.7159566104429366,0.15506208544527533,0.7075867904263293
Somalia_93023,Somalia,NON_WATER,0,test,-13.408103998456568,2.5620570842055943,-28.289472579956055,2.465320587158203,-13.287639617919922,-16.771843910217285,-15.079710483551025,-11.62436580657959,-10.2040789604187,-19.56933761012624,3.334602448258767,-46.49220275878906,-8.624273300170898,-19.339237213134766,-23.928861618041992,-21.696509838104248,-17.188523292541504,-15.48597240447998,6.161233611669672,3.0606050861803165,6.0483174324035645,0.6941270147508438,0.12901567844764444,0.6859726882977768
Somalia_970508,Somalia,WATER,1,test,-13.109238283733362,4.178915768880149,-43.763797760009766,17.324668884277344,-12.779435634613037,-18.579776763916016,-15.646852016448975,-10.34952425956726,-8.372389030456539,-19.617371172870072,5.007111728082786,-51.28024673461914,6.813714981079102,-19.085521697998047,-25.845766830444337,-22.45156717300415,-16.21315622329712,-13.91701955795288,6.508132889136712,3.621206516759015,6.2772722244262695,0.6735109282033986,1.2880307032169152,0.6682007481876062
Sri-Lanka_135713,Sri-Lanka,NON_WATER,0,test,-7.237553489418297,3.3129474277633886,-24.377336502075195,15.224024772644043,-7.34810471534729,-11.273483848571777,-9.418890476226807,-5.218718409538269,-3.112317490577697,-13.399346740499126,3.0843454401965515,-30.342195510864258,0.5328845381736755,-13.49035930633545,-17.181565856933595,-15.42669939994812,-11.486976146697998,-9.477435874938962,6.161793251080829,2.618312627999735,6.1280517578125,0.523303678941159,0.35075724066056296,0.542471331470604
Sri-Lanka_14484,Sri-Lanka,WATER,1,test,-8.434950044654236,2.7211033144673347,-29.421722412109375,15.913252830505371,-8.255483627319336,-11.643670654296875,-9.89122724533081,-6.73948860168457,-5.411236190795898,-14.977552809539674,2.935934566746817,-47.78068161010742,5.807165622711182,-14.575236320495605,-18.58736228942871,-16.350703239440918,-13.059087038040161,-11.797261905670165,6.542602764885436,2.889655170650303,6.459685325622559,0.5688875457706086,0.22235128109417157,0.5621651096122653
Sri-Lanka_152185,Sri-Lanka,NON_WATER,0,test,-9.231280533193772,3.0164570403869817,-29.145709991455078,8.731497764587402,-9.251665592193604,-12.6853609085083,-10.984769821166992,-7.565991044044495,-5.931000041961669,-15.441806733676913,2.927927523344347,-38.913291931152344,-1.1659795045852661,-15.282958507537842,-18.989676094055177,-17.122844696044922,-13.586064577102661,-12.087905597686767,6.210526200483141,2.839281271845729,6.1388795375823975,0.5968876851849961,0.18718747821959147,0.600958684945232
Sri-Lanka_178753,Sri-Lanka,NON_WATER,0,test,-7.311300992429745,2.7836745809687855,-21.824214935302734,18.019018173217773,-7.280540227890015,-10.839449787139893,-9.10615587234497,-5.487467646598816,-3.851711750030517,-13.29755050966682,2.6678847550858213,-28.6519775390625,6.083716869354248,-13.247466564178467,-16.68671569824219,-15.00870132446289,-11.533809900283813,-9.96372423171997,5.986249517237075,2.6675131508643384,5.964807510375977,0.5408530003916495,4.39972519883935,0.5477331234383829
Sri-Lanka_236030,Sri-Lanka,NON_WATER,0,test,-7.42858365976268,2.8244068750201268,-28.27484703063965,19.46799087524414,-7.405151128768921,-10.84747200012207,-9.186128377914429,-5.642254829406738,-4.00114288330078,-14.000559552395273,2.663034766227273,-46.02082061767578,0.05433348938822746,-13.942969799041748,-17.297609329223633,-15.672054290771484,-12.240078926086426,-10.706927299499512,6.571975892632594,2.6732499589706658,6.540821313858032,0.5288446468249858,0.2778867071368881,0.5291113309426305
Sri-Lanka_249079,Sri-Lanka,NON_WATER,0,test,-7.787207024209103,3.340811982087652,-24.994447708129883,13.947107315063477,-7.7390313148498535,-12.020304584503174,-9.896658182144165,-5.675570726394653,-3.6762712717056263,-13.959019094169832,3.1165133839713297,-34.59684371948242,1.5237542390823364,-13.941349983215332,-17.84375534057617,-15.91766619682312,-11.990638971328735,-10.086689472198485,6.17181206996073,2.7471670669906874,6.1338043212890625,0.5483325837087031,0.24793926501232294,0.5556968280493912
Sri-Lanka_31559,Sri-Lanka,NON_WATER,0,test,-7.14149756518066,3.384510924010418,-21.494033813476562,20.588050842285156,-7.296612977981567,-11.275455474853516,-9.410921335220337,-5.051230192184448,-2.849241209030151,-13.558798692088999,3.115085513960082,-29.271636962890625,1.4558290243148804,-13.634546279907227,-17.424157524108885,-15.632833480834961,-11.583630800247192,-9.617075634002685,6.417301126908339,2.7357116907965358,6.35725474357605,0.5114312632711172,0.7954652948870216,0.5305073187283954
Sri-Lanka_321316,Sri-Lanka,WATER,1,test,-12.114831398610512,2.722693660295952,-27.07120132446289,8.301881790161133,-12.09600830078125,-15.597724628448486,-13.928520202636719,-10.2517991065979,-8.619503784179686,-21.097295214785845,5.146478822912248,-53.36668395996094,-5.581446170806885,-20.69524097442627,-27.717769622802734,-24.90459394454956,-17.05778169631958,-14.649364280700684,8.982463816175333,4.711195232321032,8.255064010620117,0.5940720396482723,0.14587017595827415,0.5858792361631373
Sri-Lanka_400518,Sri-Lanka,NON_WATER,0,test,-8.029917785049678,2.3179608726845222,-26.569377899169922,12.77652359008789,-7.898759841918945,-10.848515605926513,-9.382447719573975,-6.5056599378585815,-5.303977346420288,-13.903999143867452,2.355654110059676,-34.089195251464844,5.551016807556152,-13.725298881530762,-16.79690799713135,-15.244550466537476,-12.33880615234375,-11.1568359375,5.874081358817774,2.6967759169142362,5.835916996002197,0.5837498531581463,0.6766950287213327,0.5749274192288933
Sri-Lanka_52223,Sri-Lanka,NON_WATER,0,test,-9.490881680351322,2.4381019043021106,-22.179645538330078,-1.2316269874572754,-9.271714687347412,-12.804418849945069,-11.032899379730225,-7.763287782669067,-6.5364724636077876,-15.318553779177819,2.5824477121857297,-32.599769592285156,-6.796510219573975,-15.027612209320068,-18.802249908447266,-16.837793350219727,-13.499177932739258,-12.27798089981079,5.827672098826497,2.6256898154263735,5.8063859939575195,0.6254855679856366,0.14971688675808953,0.6166640754876407
Sri-Lanka_523539,Sri-Lanka,WATER,1,test,-8.963136855422,3.0296135483088427,-27.299293518066406,12.092830657958984,-8.626707077026367,-12.655325603485107,-10.455899477005005,-7.027776002883911,-5.663802814483642,-15.65771862419615,3.4513567365814146,-46.42946243286133,11.177824974060059,-15.092544078826904,-19.944271087646484,-17.163740158081055,-13.405080795288086,-12.036181640625,6.694581768774149,3.0132413859465594,6.587003946304321,0.5772199553201192,0.2121045748769362,0.5720664068324064
Sri-Lanka_534068,Sri-Lanka,WATER,1,test,-11.215154873878419,2.194200132909375,-24.43688201904297,-2.7134804725646973,-11.118145942687988,-14.06807632446289,-12.616466045379639,-9.700678825378418,-8.493498420715332,-26.38091399832956,3.469985410659996,-48.25899124145508,-2.542667865753174,-25.965365409851074,-30.444750785827637,-28.02582359313965,-24.28072690963745,-22.91356906890869,15.165759124451142,3.9956273886670153,14.934444427490234,0.43168704308022415,0.09986220689499067,0.42407476589639526
Sri-Lanka_612594,Sri-Lanka,WATER,1,test,-12.404575172158228,3.361609559135076,-31.807035446166992,6.741239547729492,-12.019176959991455,-17.094889068603514,-14.32761263847351,-10.164998769760132,-8.571649456024169,-18.867092211065028,4.364283106218308,-48.01637649536133,-5.447816848754883,-17.91591453552246,-25.51800308227539,-20.766809940338135,-15.944632053375244,-14.342966079711912,6.462517038906799,3.129853882845787,6.276683807373047,0.662605858747594,0.1362442143933446,0.6570774751800295
Sri-Lanka_713926,Sri-Lanka,WATER,1,test,-13.820278817921512,5.563434653530015,-48.353824615478516,14.202475547790527,-12.742041110992432,-21.992871856689455,-18.096389293670654,-9.637662649154663,-7.397515392303466,-20.25274567824053,5.438384573283989,-54.378440856933594,7.582413673400879,-19.35539436340332,-27.420590019226076,-24.246219635009766,-16.04273796081543,-13.912582778930663,6.432466860319017,3.6329450928154463,6.350610256195068,0.6715130022573786,0.2553943891341227,0.6676703611002412
Sri-Lanka_748447,Sri-Lanka,NON_WATER,0,test,-7.885008797430073,2.5499191230863327,-27.32801055908203,17.777101516723633,-7.80955171585083,-10.913281631469726,-9.364457845687866,-6.317132949829102,-4.982145977020264,-14.11145000443926,2.4968681780568023,-33.97774124145508,1.107011318206787,-13.985241889953613,-17.0667781829834,-15.517770767211914,-12.550879001617432,-11.271659469604492,6.226441207009186,2.7126735063622296,6.19037389755249,0.5659483901923172,1.9240469029525977,0.5567009703423254
Sri-Lanka_845821,Sri-Lanka,WATER,1,test,-12.225730078291235,2.1197777082269216,-25.924121856689453,-3.1049604415893555,-12.127097606658936,-14.959082317352294,-13.55986213684082,-10.781188249588013,-9.625907135009765,-26.374462210760612,3.6507249753514484,-48.25225830078125,-7.851001262664795,-25.995967864990234,-30.55936584472656,-28.087714195251465,-24.25832509994507,-22.834638595581055,14.148732132469377,4.119294315240634,13.911596298217773,0.47152628306797967,0.10092914178735934,0.4634236685878923
Sri-Lanka_847275,Sri-Lanka,WATER,1,test,-9.533324006176123,3.6292611062578763,-26.21584129333496,11.876367568969727,-8.828446865081787,-15.139101886749268,-11.215302467346191,-7.095919728279114,-5.695913219451904,-16.40093691284659,4.9631583749120125,-48.02230453491211,1.095085620880127,-14.927422046661377,-24.821594619750975,-17.66609239578247,-13.178824186325073,-11.823792743682862,6.867612906670465,3.382538209794764,6.599958896636963,0.5855130727938487,0.20945787928296458,0.5806124151735156
Sri-Lanka_849649,Sri-Lanka,NON_WATER,0,test,-8.070764111079605,2.4706301216515945,-24.405481338500977,9.232563018798828,-7.962434530258179,-11.058850193023682,-9.507584810256958,-6.503779411315918,-5.204649639129637,-13.786134294023213,2.4396649176129954,-38.39328384399414,-1.4821770191192627,-13.628072738647461,-16.75963726043701,-15.17523741722107,-12.190094470977783,-10.936938095092772,5.715370182943609,2.6413484240173175,5.690539836883545,0.5907017392646412,0.17397753417732267,0.5834772186965167
Sri-Lanka_85652,Sri-Lanka,NON_WATER,0,test,-7.222631072176622,3.1252895729181858,-21.584325790405273,21.329185485839844,-7.266834497451782,-10.988112735748292,-9.193213939666748,-5.33430290222168,-3.527176737785338,-13.882854293426078,2.840412781561466,-36.237266540527344,7.401996612548828,-13.792810440063477,-17.464572525024415,-15.646054744720459,-12.016038179397583,-10.435084915161132,6.660223221249456,2.8424893003991514,6.568873167037964,0.5150369074328665,0.4546256678228579,0.5248999915437197
Sri-Lanka_916628,Sri-Lanka,WATER,1,test,-8.828870282080356,5.568241859520883,-29.593320846557617,21.582841873168945,-8.064116954803467,-17.020557975769044,-12.234052658081055,-5.44396436214447,-2.8606544733047485,-16.521699381008332,5.269861391974602,-47.755226135253906,5.504329204559326,-15.118442058563232,-24.846313095092775,-18.880406379699707,-12.979296684265137,-11.255785655975341,7.6928290989279775,3.5886761596544576,7.3804802894592285,0.5051145077900746,0.7626087904233804,0.5443497302609176
Sri-Lanka_922192,Sri-Lanka,NON_WATER,0,test,-8.487630886668336,2.5140147054696507,-23.19249153137207,16.80155372619629,-8.470463752746582,-11.475527286529541,-9.984625816345215,-7.002368211746216,-5.650041532516479,-14.77361040976121,2.7879754145040847,-39.92021179199219,9.158103942871094,-14.574753761291504,-18.020673561096192,-16.21128749847412,-13.098897218704224,-11.787979888916015,6.285979523092872,2.885826427210389,6.19892430305481,0.6091739032557494,15.347439907963873,0.5757215883206801
Sri-Lanka_92824,Sri-Lanka,WATER,1,test,-8.465989582443461,2.8991398023973014,-26.35708999633789,11.365900039672852,-8.16828966140747,-12.058189392089844,-9.962019443511963,-6.576625943183899,-5.2216134548187245,-15.47328724779669,3.2631991674389726,-47.80146408081055,4.803298473358154,-14.930609226226807,-19.83040294647217,-17.07372283935547,-13.256928443908691,-11.948437499999999,7.00729766535323,2.932964623632463,6.933508396148682,0.5500995397073122,0.5105819541681983,0.5440188176340017
